spotify_id,playlists,title,artist,mb_year,mb_confidence,mb_zero_pool,mb_title_variant_year,mb_title_variant,itunes_year,deezer_year,deezer_isrc_year,final_year,final_confidence,final_rule
2aTvlIMGoo2L9x5YzJNjj5,"hitsCatalans","La Gent Que Estimo","Oques Grasses, Rita Payés",2021,high,false,,,2021,2021,2021,2021,high,vote:mb+it+dz+isrc
5rHk6N15ELTSZ1sjxs8N7D,"hitsCatalans","Compta amb Mi","Txarango",2014,high,false,,,2014,2014,2014,2014,high,vote:mb+it+dz+isrc
7aMxgxCCbkmtRpNNB5OWgY,"hitsCatalans","Elefants","Oques Grasses",2021,high,false,,,2021,2021,2021,2021,high,vote:mb+it+dz+isrc
5mKFMZpS49vKYImfjZPuWt,"hitsCatalans","Quan Tot S'enlaira","Txarango",2012,high,false,,,2012,2012,2012,2012,high,vote:mb+it+dz+isrc
5gtwBFz91hNzSpSSiSmTvA,"hitsCatalans openingsCatala","Boig Per Tu","Sau",1990,high,false,,,1990,1990,2006,1990,high,vote:mb+it+dz
2WWBXo8SVGSi3Z4oB7yQDi,"hitsCatalans","Sense Tu","Teràpia de Shock",2008,high,false,,,2008,2015,2008,2008,high,vote:mb+it+isrc
3twYwf9MIPgQUgynBhrX0I,"hitsCatalans","Bon Dia","Els Pets",1997,high,false,,,1997,,,1997,high,vote:mb+it
2hoxBso1VWz61IB4uIrJWD,"hitsCatalans","Tanca els Ulls","Txarango",2018,high,false,,,2018,2021,2021,2018,high,vote:mb+it
5AnPNGsEt7cOjSGmBDq8e2,"hitsCatalans","Volcans","Buhos",2018,low,false,,,2018,2018,2018,2018,high,vote:mb+it+dz+isrc
3eGOTosM8QRkgh8hm4lB1S,"hitsCatalans","Caminem Lluny","Doctor Prats",2018,high,false,,,2018,2018,2018,2018,high,vote:mb+it+dz+isrc
5ju5eWBU56D87aflOhyuR1,"hitsCatalans","Una Lluna a L'Aigua","Txarango",2017,high,false,,,2017,2017,2017,2017,high,vote:mb+it+dz+isrc
6MAyp12bbJz8zUUSPa6Ddg,"hitsCatalans","Les Nits No Moren Mai","Doctor Prats",2017,high,false,,,2016,2017,2017,2017,high,vote:mb+dz+isrc
1pNVZYEWkQfZmYJ5se7XJ9,"hitsCatalans","Fins Que Arribi L'alba","Els Catarres",2018,high,false,,,2018,2018,2018,2018,high,vote:mb+it+dz+isrc
4dG8lkQSrRdiQe89ZXx0sT,"hitsCatalans","In The Night","Oques Grasses",2019,high,false,,,2019,2019,2018,2019,high,vote:mb+it+dz
1OhTU9Vr08VrEAa0kJ98u8,"hitsCatalans","Serem Ocells","Oques Grasses",2019,high,false,,,2019,2019,2018,2019,high,vote:mb+it+dz
0WBqwsSuUibGfTNec7wHBL,"hitsCatalans","Bona Nit","Els Pets",1997,high,false,,,1997,2008,2007,1997,high,vote:mb+it
42dX767ZcsJN2hiBZkFCbh,"hitsCatalans","Escriurem","Miki Núñez",2019,high,false,,,2019,2019,2019,2019,high,vote:mb+it+dz+isrc
2aOMXFcsyUiNc4X1hwLzzs,"hitsCatalans","Vull Estar amb Tu","Els Catarres",2013,high,false,,,2013,2013,2013,2013,high,vote:mb+it+dz+isrc
2BVUoPbKlwxwUWgC1SUpNJ,"hitsCatalans","T'he Trobat a Faltar","Buhos, En Tol Sarmiento",2021,high,false,,,2021,2021,2021,2021,high,vote:mb+it+dz+isrc
7hiceWoDGGP4RadNyGxRdm,"hitsCatalans","Jenifer","Els Catarres",2011,high,false,,,2011,2011,2011,2011,high,vote:mb+it+dz+isrc
4ggCyLHi9itGzHsUgYhnN4,"hitsCatalans","Llença't","Lax'n'Busto",2009,low,false,,,2000,2008,1998,2009,low,mb-alone
0KTSV4NdrByhWXmuTOtcgK,"hitsCatalans","Jo Mai Mai","Joan Dausà",2011,high,false,,,2012,2012,2011,2011,high,vote:mb+isrc
3ctPgGrBfjWRiowL0Do8W5,"hitsCatalans","Tu Fas","Doctor Prats",2018,high,false,,,2018,2018,2018,2018,high,vote:mb+it+dz+isrc
2Kslq7iBGvdn3Ry1qODREY,"hitsCatalans hitsCatalans","En Peu de Guerra","Els Catarres",2015,high,false,,,2015,2015,2015,2015,high,vote:mb+it+dz+isrc
0UcGhPiA8E5nmOl3f6pXVc,"hitsCatalans","Rock & Roll","Els Catarres",2023,high,false,,,2013,2013,2013,2013,high,vote:it+dz+isrc
4IATwgahz94G3bIYX7o4TU,"hitsCatalans","Tant de Bo","Suu",2020,high,false,,,2019,2020,2019,2019,high,vote:it+isrc
5t9fHsSi5cjWE8AI6kq8Dv,"hitsCatalans","INSEPARABLES","31 FAM",2021,high,false,,,,2021,2021,2021,high,vote:mb+dz+isrc
45QIyRw4u7swlisLopddtX,"hitsCatalans","Barcelona S'il·lumina","Buhos",2016,high,false,,,2016,2016,2016,2016,high,vote:mb+it+dz+isrc
1w7oNQFyiwexkUohLCDyu9,"hitsCatalans","Invencibles","Els Catarres",2013,high,false,,,2013,2013,2013,2013,high,vote:mb+it+dz+isrc
6yRnR48uZsR6fBFH0KTDJt,"hitsCatalans","Des del Dia 1","31 FAM",2021,high,false,,,,2021,2020,2021,high,vote:mb+dz
5zFjjyI7zZipsNcteOtFCB,"hitsCatalans","Nens Del Barri","31 FAM",2021,high,false,,,,2021,2021,2021,high,vote:mb+dz+isrc
6vJ2wQQCBNrV0URvERMSnd,"hitsCatalans","Balada 17","31 FAM",2020,high,false,,,,2020,2020,2020,high,vote:mb+dz+isrc
0DIibzZSCXmeDVJQK9KcZ0,"hitsCatalans","Un Plan B","31 FAM",2021,high,false,,,,2021,2020,2021,high,vote:mb+dz
5FXdyQboJUYoxkopoHC8Kz,"hitsCatalans","Que Tot Et Vagi Bé","Txarango",2017,high,false,,,2017,2017,2017,2017,high,vote:mb+it+dz+isrc
3C3eBAihFEehucnBUo1tfn,"hitsCatalans","Inevitable","Oques Grasses",2019,high,false,,,2019,2019,2018,2019,high,vote:mb+it+dz
2ajg5EOwpG8wDjgUY5dpeV,"hitsCatalans","Deixa","Oques Grasses",2019,high,false,,,2019,2019,2018,2019,high,vote:mb+it+dz
5oeMKHg9enAzmYQWrLGkUi,"hitsCatalans","El Petit Príncep","Manu Guix, Macedònia, Cia. Petit Príncep",,none,true,,,2014,2018,2016,,none,none
0b8u6Y5QSq5wQzxjZ36Jo1,"hitsCatalans","Tots Som Súpers","SX3",,none,false,,,2007,2007,2015,2007,high,vote:it+dz
6uA2ws8LIx8zUMEsBwEWAA,"hitsCatalans","Petar-ho","Oques Grasses",2021,high,false,,,2021,2021,2021,2021,high,vote:mb+it+dz+isrc
6Ss2hzEaDrOTh9CBuWNUrp,"hitsCatalans","Que tinguem sort","Lluis Llach",1974,high,false,,,1974,2002,1991,1974,high,vote:mb+it
3FY3W22KrDkkxintD2gpqk,"hitsCatalans","T'Estimo Molt","Lax'n'Busto",2007,high,false,,,2007,2009,2007,2007,high,vote:mb+it+isrc
3wqOUv28bzBM01kFIyDj9d,"hitsCatalans","Somriurem","Txarango",2017,high,false,,,2017,2017,2017,2017,high,vote:mb+it+dz+isrc
1ahqBdKQyHrDQcTpRvMrqy,"hitsCatalans","Mil Ocells","Txarango, Jarabe De Palo",2017,low,false,,,2017,2017,2017,2017,high,vote:mb+it+dz+isrc
1xWL9bMf3z7zBTaSv8BLOd,"hitsCatalans","Supermercat","Lildami",2023,high,false,,,2022,2022,2022,2022,high,vote:it+dz+isrc
73MjFllwVXf4jpgsw0eRUi,"hitsCatalans","TAS LOKO","Mushkaa, roots",2023,low,false,,,2023,2023,2023,2023,high,vote:mb+it+dz+isrc
4qFwyhTqOvuf26fBBTaHcv,"hitsCatalans","Barras Warras","Mushkaa, Calagher, roots",2023,low,false,,,2023,2023,2023,2023,high,vote:mb+it+dz+isrc
6ADbZPiWZNsaCiIvsg5iq6,"hitsCatalans","Benvolgut","Manel",2011,high,false,,,2011,2011,2011,2011,high,vote:mb+it+dz+isrc
0XvMkmumjGH3SamZpwt8H5,"hitsCatalans","Boomerang","Manel",2011,high,false,,,2011,2011,2011,2011,high,vote:mb+it+dz+isrc
5KBBltUxBSk58WiTszBdQB,"hitsCatalans","Louisiana O Els Camps De Cotó","Els Amics De Les Arts",2012,high,false,,,2012,2020,2016,2012,high,vote:mb+it
6qYo7Fi9sbJO8gfHe3VkDz,"hitsCatalans","Blue tack","Els Pets",2013,high,false,,,2008,2013,2013,2013,high,vote:mb+dz+isrc
6RXC23Zrd4jEFjtXL1ZsZp,"hitsCatalans","La vida és molt avorrida sense el teu cos","Els Pets",2018,high,false,,,2018,2018,2018,2018,high,vote:mb+it+dz+isrc
1Mv82uSpBRcqLheQXuEPGa,"hitsCatalans","Estimar-te com la terra","Ginestà",2019,high,false,,,2019,2019,2019,2019,high,vote:mb+it+dz+isrc
4bIdxMI72u1D84zJpz0hAN,"hitsCatalans","La Dansa del Vestit","Txarango",2012,high,false,,,2012,2012,2012,2012,high,vote:mb+it+dz+isrc
65i39CwDMx05aGt3Wnl0eI,"hitsCatalans","El Tonteo","The Tyets, Mushkaa",2023,high,false,,,2023,2023,2023,2023,high,vote:mb+it+dz+isrc
0UeRsooHswCoOx4hbLG5N1,"hitsCatalans","MUSSEGU - Sped Up","Figa Flawas",2023,low,false,,,2023,2023,2023,2023,high,vote:mb+it+dz+isrc
78NzYFBsYY78qeazgKZCoc,"hitsCatalans","No m'estima +","Mushkaa, Julieta, roots",2023,high,false,,,2023,2023,2023,2023,high,vote:mb+it+dz+isrc
4xYdCjHgaAObMfvKqXQf1c,"hitsCatalans","LOS 15 (PQ STAS TRISTE)","Mushkaa",2022,high,false,,,2022,2022,2022,2022,high,vote:mb+it+dz+isrc
1vzugDTXDgZCF0QQrzB5hX,"hitsCatalans","L'Empordà","Sopa De Cabra",1989,high,false,,,2010,2014,2000,1989,high,mb-alone
0fzIzmbmE4XLvOeGlkgC46,"hitsCatalans","als ulls","guillembautista",,none,true,,,2023,2023,2023,2023,high,vote:it+dz+isrc
5NvOg9y1M6DCcRQQkoppiE,"hitsCatalans","SPAVILA (feat. Mushkaa)","31 FAM, Mushkaa",,none,true,,,,2023,2023,2023,low,deezer+isrc
0DEoxN2GuvQJSMNDN2XFlY,"hitsCatalans","Cançó de L'Aire","Oques Grasses",2019,high,false,,,2019,2019,2018,2019,high,vote:mb+it+dz
6JXNeypjzzan6VoMP0Q5Qm,"hitsCatalans","Fullar sempre","Oques Grasses",2016,high,false,,,2016,2016,2016,2016,high,vote:mb+it+dz+isrc
0rmUYtY05iEgbOoeWgxL0t,"hitsCatalans","Amics, Tiets i Coneguts","The Tyets, Els Amics De Les Arts",2021,low,false,,,2021,2021,2021,2021,high,vote:mb+it+dz+isrc
33Hi5iQNivK6Q198d60u16,"hitsCatalans","El Vol de L'Home Ocell","Sangtraït",1988,high,false,,,1988,1988,2006,1988,high,vote:mb+it+dz
0bp6nK8rHiJ1nqcjiRDRe2,"hitsCatalans","El Disfraz","Mushkaa, roots",,none,true,,,2024,2024,2024,2024,high,vote:it+dz+isrc
1PIvAh8XJbyrpMD0bKX6P8,"hitsCatalans","4 KISSUS","Figa Flawas",2024,high,false,,,2024,2024,2023,2024,high,vote:mb+it+dz
2ceTylNropN8MsY6BqE5R7,"hitsCatalans","LOKURA","Julieta",2023,high,false,,,2023,2023,2023,2023,high,vote:mb+it+dz+isrc
49qfhb3mTtHwcW4t3375iK,"hitsCatalans","Xarnega","Mushkaa, roots, Bexnil",,none,false,,,2024,2024,2024,2024,high,vote:it+dz+isrc
1x01aWidnuAXwmumSnuRwL,"hitsCatalans","Torno a Ser Jo","Oques Grasses",2019,high,false,,,2019,2019,2018,2019,high,vote:mb+it+dz
1zt4MZrl5GKEAIksJ0EzF3,"hitsCatalans","Fer-te feliç","Oques Grasses",2016,high,false,,,2016,2016,2016,2016,high,vote:mb+it+dz+isrc
5eQkUBDWLu9ObEgA4N5SBV,"hitsCatalans","Ànima de Corall","Guillem Ramisa, Oques Grasses",,none,false,,,2016,2017,2016,2016,high,vote:it+isrc
4JSGNwtHHAqaCQ3hoTIKLp,"hitsCatalans","L'Arbre Ple de Flors","Guillem Ramisa",,none,true,,,2017,2017,2017,2017,high,vote:it+dz+isrc
2KuzLo3h5MKhZQEjt2VbWG,"hitsCatalans","No vull que t'agradi aquesta cançó","Els Pets",2018,high,false,,,2018,2018,2018,2018,high,vote:mb+it+dz+isrc
7nSJ0oOe2MzyhCIfm3wJW3,"hitsCatalans","Criticarem les noves modes de pentinats","Manel",2011,high,false,,,2011,2011,2011,2011,high,vote:mb+it+dz+isrc
4KQPAGQNStZaWiewr83fwM,"hitsCatalans","Al mar!","Manel",2008,high,false,,,2008,2008,2008,2008,high,vote:mb+it+dz+isrc
3J9TQ7DlZaRffSMYWUrUZ0,"hitsCatalans","Flor groga","Manel",2011,high,false,,,2011,2011,2011,2011,high,vote:mb+it+dz+isrc
3rn7vtyiRGTexwbkYfnEn9,"hitsCatalans","Aniversari","Manel",2011,high,false,,,2011,2011,2011,2011,high,vote:mb+it+dz+isrc
2hmbvr9HAmq9KOirdMDp6j,"hitsCatalans","Els guapos són els raros","Manel",2008,high,false,,,2008,2008,2008,2008,high,vote:mb+it+dz+isrc
49cWaUK8SsD7Pyqci1Xda1,"hitsCatalans","Avís per a navegants","Manel",2008,high,false,,,2008,2008,2008,2008,high,vote:mb+it+dz+isrc
4EbnByg9l8NEqBqEkA3Ur1,"hitsCatalans","Talismà","Oques Grasses",2021,high,false,,,2021,2021,2021,2021,high,vote:mb+it+dz+isrc
4ELhYiv3Cuk5DuZWfqHX1t,"hitsCatalans","Coenta","Malifeta",2020,high,false,,,,2020,2020,2020,high,vote:mb+dz+isrc
4EfeSSiuuQSUmKeZcBsxMD,"hitsCatalans","Cada Cop Que Rius","Strombers",,none,false,,,2019,2019,2019,2019,high,vote:it+dz+isrc
4ZwCcWOVTwvKwSuFbhiafN,"hitsCatalans","SOLUCIONS i NO PROBLEMES","Figa Flawas",2024,high,false,,,2024,2024,2023,2024,high,vote:mb+it+dz
1dJDj9TPRBsLZDkB0X09Fw,"hitsCatalans","SI TU M'HO DEMANES","Figa Flawas",2024,high,false,,,2024,2024,2023,2024,high,vote:mb+it+dz
6fmbzCxHNEHs96EcHnMBBT,"hitsCatalans","DESBOCAT","Figa Flawas",2024,high,false,,,2024,2024,2023,2024,high,vote:mb+it+dz
0sQrrdZAV2OlDfIU2q68qq,"hitsCatalans","RAFA NADAL","31 FAM, Mushkaa, Flashy Ice Cream, roots, Greta",2023,high,false,,,2023,2023,2023,2023,high,vote:mb+it+dz+isrc
4guAvlggqDxxjn0Y8RmEgI,"hitsCatalans","a la meva vera","31 FAM",,none,true,,,,2023,2023,2023,low,deezer+isrc
59Da8zYcmMCwPG12LswsrJ,"hitsCatalans","Rellotge de fang","Oques Grasses",2016,high,false,,,2016,2016,2016,2016,high,vote:mb+it+dz+isrc
2Ue8D5UtFuYAvuh0YVpjYt,"hitsCatalans","Plora i riu","Oques Grasses",2016,high,false,,,2016,2016,2016,2016,high,vote:mb+it+dz+isrc
6jGRVhTB3P0306pQHpFcF8,"hitsCatalans","QUE NO S'ACABI","Figa Flawas",2024,high,false,,,2022,2024,2022,2022,high,vote:it+isrc
5KLRR7qPSJH4XHd6DrjOgQ,"hitsCatalans","Jean-Luc","Els Amics De Les Arts",2009,high,false,,,2009,2020,2015,2009,high,vote:mb+it
06vX7tHvaUXenCTLVLsgZx,"hitsCatalans","Cançó Que Mai S'acaba","La Fúmiga",2019,high,false,,,2019,2019,2019,2019,high,vote:mb+it+dz+isrc
2jFX7KfdsikRQRzdqKGvqw,"hitsCatalans","Wake Up","Oques Grasses, Stay Homas",2021,high,false,,,2021,2021,2021,2021,high,vote:mb+it+dz+isrc
1viuuuIRWtYP5Chx6MBpDD,"hitsCatalans","Oh la la","Antònia Font",2022,high,false,,,2022,2022,2021,2022,high,vote:mb+it+dz
6cPe7rorhofISE335CqPmH,"hitsCatalans","Els teus ulls","Alfred García",2023,high,false,,,2023,2023,2023,2023,high,vote:mb+it+dz+isrc
5nA3lkvpP3wTPbIuv5dwsJ,"hitsCatalans","Road Trip","Triquell",2022,high,false,,,,2023,2022,2022,high,vote:mb+isrc
1ia819gHWbLBBYHqK76Yg8,"hitsCatalans","Alegria","Antònia Font",2002,high,false,,,2002,2007,2007,2002,high,vote:mb+it
5bs5tYbTt8XkRKZkc2TDXd,"hitsCatalans","Valentina","31 FAM",2019,high,false,,,,2019,2018,2019,high,vote:mb+dz
6ouV7526AeqeXrALRn6ZDb,"hitsCatalans","xinu xanu","Stay Homas",,none,false,,,2023,2023,2023,2023,high,vote:it+dz+isrc
10NP7LyY0Hs7p6xqAckosJ,"pegao exitosEspana vivaLatino","VAMO A VEL","ROA, Anuel AA",2026,high,false,,,,2026,2026,2026,high,vote:mb+dz+isrc
1lmGCKyRnoiRuuJQrNdsfB,"pegao exitosEspana","SPICY","Fronti, Brytiago, Myke Towers",2026,high,false,,,,2026,2026,2026,high,vote:mb+dz+isrc
52Vhx5T4MUIsIkar8D9Ovi,"pegao exitosEspana","TRAMPA","YOLAMASCARA",,none,true,,,,2026,2026,2026,low,deezer+isrc
0ExNALbmBpY7IAZ2dzupnv,"pegao exitosEspana","Se Le Ve","Kybba, Ryan Castro, Bad Gyal, Topboy TGR",,none,false,,,,2026,2026,2026,low,deezer+isrc
6l0PFpb6pX5eSNiCGBKinZ,"pegao","Me Necesita","Ovy On The Drums, mvrk, Justin Quiles",2026,high,false,,,2026,2026,2026,2026,high,vote:mb+it+dz+isrc
0nlOi8arjQH6MSaC9zKkeq,"pegao exitosEspana vivaLatino","Ojos Brujos","Clarent, Omar Courtz",2026,high,false,,,,2026,2026,2026,high,vote:mb+dz+isrc
1wsuMcOx5KM68NUkS8ep0k,"pegao","POCO A POCO","Gonzy",2026,high,false,,,,2026,2026,2026,high,vote:mb+dz+isrc
1VnO9edxzVpR05VHeZ45TL,"pegao","COACHELLA","Juseph",2026,high,false,,,,2026,2026,2026,high,vote:mb+dz+isrc
2eGY0LNnmYoIDiqTkM0M5T,"pegao","TRATRATRA","ANMI, Juseph, Aissa",,none,false,,,2026,2026,2026,2026,high,vote:it+dz+isrc
0G8qK4lFxCgQiMub2AUSBy,"pegao","TRAYECTORIA","YOLAMASCARA",,none,true,,,,2026,2026,2026,low,deezer+isrc
5BsvzSvw98mLqpZznMjuLX,"pegao exitosEspana vivaLatino","ZIZI","Ozuna, Omar Courtz",2026,high,false,,,,2026,2026,2026,high,vote:mb+dz+isrc
5Otq7hczby9xJIplVweLBI,"pegao vivaLatino","CAPCANA COCOA","Blessd, Anuel AA",,none,false,,,,2026,2026,2026,low,deezer+isrc
72WuCJkmAvJoQJHIztbcRo,"pegao","Loco LocoOoo","Rvfv, Yapi",,none,true,,,2026,2026,2026,2026,high,vote:it+dz+isrc
15LJW7YL0112oiuBOWr0aR,"pegao","LE METE","Aissa, Kreamly",,none,false,,,,2026,2026,2026,low,deezer+isrc
6bQsFck5fRznOrCfJMxF1c,"pegao vivaLatino","CARITA FELIZ","Myke Towers",2026,high,false,,,2026,2026,2026,2026,high,vote:mb+it+dz+isrc
6Ao1OyTNFLE6czKtTsYFju,"pegao","Modo Oculto","Yan Block",,none,true,,,,2026,2026,2026,low,deezer+isrc
1VQl8TsBw2XMhhgdA3WuFk,"pegao","UNA NA MAS","Myke Towers",2026,high,false,,,2026,2026,2026,2026,high,vote:mb+it+dz+isrc
4Du97m5kFIyMZ1nTekYlnh,"pegao","Dime Baby","Clarent",2026,high,false,,,2026,2026,2026,2026,high,vote:mb+it+dz+isrc
70A0AekMvr4DdxaKa1tQE0,"pegao exitosEspana","SI ME QUIERES...","JC Reyes, Myke Towers",,none,true,,,,2026,2026,2026,low,deezer+isrc
0wKFiFNxkn8Ylkewwlq8X8,"pegao","ANORMAL","Yung Beef, Spiff TV, Xiyo, Fernandezz, geomafia, Pablo Chill-E, Manny ElDomi",,none,true,,,2026,2026,2026,2026,high,vote:it+dz+isrc
7AFCPBLMPF2SLHAPY5PMae,"pegao","PaToLasGyales","SAIKO, Chencho Corleone",2026,high,false,,,,2026,2024,2026,high,vote:mb+dz
6nloIaklTZd2Sbpk4laaeJ,"pegao exitosEspana","AIRE","Lucho RK",2026,high,false,,,2026,2026,2026,2026,high,vote:mb+it+dz+isrc
0P95y11fiaArEEDcT995WF,"pegao exitosEspana","Quiero más","La Pantera",2026,high,false,,,,2026,2026,2026,high,vote:mb+dz+isrc
55knkuzL7hByREAumJcj3q,"pegao","GANAS REMIXXX (feat. De La Rose, Blessd)","Kris R., ROA, Clarent, Luar La L, Blessd, De La Rose",2026,high,false,,,,2026,2026,2026,high,vote:mb+dz+isrc
3h5T5JypYU7huFiVYhv1dr,"pegao exitosEspana vivaLatino","BbY WOW","KAROL G, Judeline, rusowsky",2026,high,false,,,2026,2026,2026,2026,high,vote:mb+it+dz+isrc
0FI11LoJ41qud3TkFEYlzI,"pegao","NYX00 (with JC Reyes)","Dei V, JC Reyes",,none,false,,,,2026,2022,,none,none
1Ok4aiD2OUO6AyhrlvF98b,"pegao exitosEspana","Corrupta","Rvfv",,none,true,,,,2026,2026,2026,low,deezer+isrc
113qKxW6LitRIPAaUeHhyw,"pegao","Olvidarnos De To' :)","Cano, Justin Quiles",,none,true,2026,tokenised,2026,2026,2026,2026,high,vote:mb+it+dz+isrc
06UusKSBXp76qo0k0iw0cL,"pegao","DE DIOR XL","Feid, Bad Gyal",2026,high,false,,,2026,2026,2026,2026,high,vote:mb+it+dz+isrc
7xjFEvchFCiAmuseCBModI,"pegao","Bastardo (feat. Ñengo Flow & Jere Klein)","Pablo Chill-E, Ñengo Flow, Jere Klein",2024,low,false,,,,2024,2017,2024,high,vote:mb+dz
2cu9stofbXbOFmaIFJzItd,"pegao","Fantasia","Xiyo, Fernandezz, Omar Montes, Raul Clyde",2026,high,false,,,2026,2026,2026,2026,high,vote:mb+it+dz+isrc
4iK6DxY48lY27FHklxpEGY,"pegao","Manhattan II","Hades66, Mr. Goat",2026,high,false,,,,2026,2026,2026,high,vote:mb+dz+isrc
3Ip1sc72P5uz8BUB9kb4QQ,"pegao","POR TI","Yapi, SOUNDPLUG",,none,false,,,2026,2026,2026,2026,high,vote:it+dz+isrc
44PL9CqmxZ3tcbNJgrsqzb,"pegao exitosEspana","After","Conep",2026,high,false,,,2026,2026,2018,2026,high,vote:mb+it+dz
4vJaNTSA8fYLLLSauHmkLe,"pegao exitosEspana vivaLatino","Las mas bonitas son p#tas","Anuel AA",2026,high,false,,,,2026,2026,2026,high,vote:mb+dz+isrc
0vHJupzsREkNskbkuSiwF1,"pegao exitosEspana","NO ME GUILLO v2","ANMI, La Pantera, Kabasaki",2026,high,false,,,2026,2026,2026,2026,high,vote:mb+it+dz+isrc
1nsSptqJG7xzP6vDgeoJ41,"pegao exitosEspana vivaLatino","Fuga","Jay Wheeler",2026,high,false,,,,2026,2018,2026,high,vote:mb+dz
2PgzfI3gOPNZqC2hzI2KnK,"pegao","TU DÚO FAVORITO","Raul Clyde, SAIKO",2026,high,false,,,,2026,2026,2026,high,vote:mb+dz+isrc
6p2fQMh1CRJ6QKjbAbDEet,"pegao","TuuuuuUuu tu tu tu","Aissa",,none,false,,,,2026,2026,2026,low,deezer+isrc
1ILSTelC5zM5zF1zMgb9pE,"pegao exitosEspana vivaLatino","SI ME HICIERA EL DE LA LENGUA (REMIX) (feat. Luar La L)","FANTA ROSARIO, Jon Z, Hades66, Ñengo Flow, Luar La L",,none,true,,,,2026,2026,2026,low,deezer+isrc
54NQtnCL950bGIHlZUMMDH,"exitosEspana","pa ti toa <3","Ana Mena, Lola Indigo",2026,high,false,,,2026,2026,2026,2026,high,vote:mb+it+dz+isrc
7FluWUa59Z3kXYdbguz8Wr,"exitosEspana","Dama y Vagabundo","Envido6",,none,false,,,2026,2026,2026,2026,high,vote:it+dz+isrc
3kWMm2iFysQf0j1857c1vk,"exitosEspana","Baby Lover","Ñengo Flow",2017,high,false,,,2017,2017,2017,2017,high,vote:mb+it+dz+isrc
1PREzVLuDT6PSE9sej4wnV,"exitosEspana","COQUETA","Fuerza Regida, Grupo Frontera",2025,high,false,,,2024,2025,2024,2024,high,vote:it+isrc
5dgREmLlxVJn6h8U0CofEo,"exitosEspana vivaLatino","De Lejitos - Remix","Jay Wheeler, Omar Courtz",2026,high,false,,,,2026,2018,2026,high,vote:mb+dz
1O4S7iSaxFJh6SuUvFrdvJ,"exitosEspana","DAALE","mvrk",2026,high,false,,,,2026,2026,2026,high,vote:mb+dz+isrc
6Ab2trdJulkRRhaJ9zVGQa,"exitosEspana vivaLatino","Dichavate","Ya Ice Dilan, Rey Tony, Helabusador, JipMusic Global, Dj Honda",2025,high,false,,,2025,2025,2025,2025,high,vote:mb+it+dz+isrc
3RHT8N9fhgqsD6KGDrquaW,"exitosEspana","EL BACHATÓN DE LA L","Lola Indigo, Lucho RK",2026,high,false,,,2026,2026,2026,2026,high,vote:mb+it+dz+isrc
5UIyNcyxW33PXKyf86GJW9,"exitosEspana vivaLatino","AGUA","Maluma, Shakira",2026,high,false,,,2026,2026,2026,2026,high,vote:mb+it+dz+isrc
6iWg7wVBXWwQYlVqp4UKPh,"exitosEspana","BnB","Young Miko, Clarent",2025,high,false,,,,2026,2023,2025,high,mb-alone
1YAWMfsmduIrpqrjP45pFn,"exitosEspana","FOREVER TU GANTEL","Omar Courtz, Ñengo Flow",2026,high,false,,,,2026,2026,2026,high,vote:mb+dz+isrc
0TJYJrUDKQ1btt4g0Xwklw,"exitosEspana vivaLatino","LA GRACIOSA","Quevedo, Elvis Crespo",2026,high,false,,,2026,2026,2026,2026,high,vote:mb+it+dz+isrc
2nsGoKzYmhYrvxijOf70Sa,"exitosEspana","GOLFAS DE VERDAD","l0rna",,none,true,,,,2026,2026,2026,low,deezer+isrc
6LD1tYOKReFqZh5ZdCdxIz,"exitosEspana","AL GOLPITO","Quevedo, Nueva Línea",2026,high,false,,,2026,2026,2026,2026,high,vote:mb+it+dz+isrc
4rDCRcln8WCHWPRt0YTFLs,"exitosEspana","MUCHACHA","Aissa, Rvfv, Kreamly",,none,true,,,,2026,2026,2026,low,deezer+isrc
3wCjI0GFGyJAxR1NrQR0Oj,"exitosEspana","TiramiSUUU","GRECAS",,none,false,,,,2026,2026,2026,low,deezer+isrc
2pbSCYzxrG0wa6qcj8IyiE,"exitosEspana vivaLatino","Cuando No Era Cantante - Remix","El Bogueto, Anuel AA, Fuerza Regida, Yung Beef",2026,low,false,,,,2025,2026,2026,high,vote:mb+isrc
34bgCQVr0Wfuthiv8NeSQO,"exitosEspana","WO OH OH","Omar Courtz, ROA",2026,high,false,,,,2026,2026,2026,high,vote:mb+dz+isrc
6rWIHEedAYET828v7QY22S,"exitosEspana","CONEXIÓN PSÍQUICA","Aitana",2025,high,false,,,2025,2025,2025,2025,high,vote:mb+it+dz+isrc
6W4fSGsqNmyPTYo29rJ50z,"exitosEspana","La Nieve - Original song from the film La Bola Negra","Guitarricadelafuente",,none,true,2026,extended-clean,2026,,,2026,high,vote:mb+it
3e9zgP2N318DmC6qP7kdNj,"exitosEspana","EL BAIFO","Quevedo",2026,high,false,,,2026,,,2026,high,vote:mb+it
7D2A3hvJSabgicJ1HM4kDi,"exitosEspana","SCANDIC","Quevedo",2026,high,false,,,2026,2026,2026,2026,high,vote:mb+it+dz+isrc
190jyVPHYjAqEaOGmMzdyk,"exitosEspana","Beauty And A Beat","Justin Bieber, Nicki Minaj",2012,high,false,,,2012,2012,2012,2012,high,vote:mb+it+dz+isrc
6YkGw5op7PeyP2gmMMMrfJ,"exitosEspana vivaLatino","LA VILLA","Ryan Castro, Kapo, Gangsta",2025,high,false,,,,2025,2025,2025,high,vote:mb+dz+isrc
3ltpc2goYCfKT8AbWwqQvc,"exitosEspana","NI BORRACHO","Quevedo",2026,high,false,,,2026,2026,2026,2026,high,vote:mb+it+dz+isrc
3YmFH8V7TUtLAYhnlswkdQ,"exitosEspana","LOVE","Clarent",2025,high,false,,,,2025,2025,2025,high,vote:mb+dz+isrc
6xOEgzkMSZJKz6qtCJsQL5,"exitosEspana","La Plena - W Sound 05","W Sound, Beéle, Ovy On The Drums",,none,true,2025,drop-all-tails,,2025,2025,2025,high,vote:mb+dz+isrc
1tz7RZirwiuaJw2p0jbdHb,"exitosEspana vivaLatino","KOKO","Omar Courtz",2026,high,false,,,,2026,2026,2026,high,vote:mb+dz+isrc
0F1svfSx95E3qDBySn719G,"exitosEspana","Me Mareo","Kidd Voodoo, JC Reyes",2025,high,false,,,,2025,2025,2025,high,vote:mb+dz+isrc
13DIKGeh9SBpYBRIBZOs6m,"exitosEspana","DaME las SuBs","Peereira7",2026,high,false,,,,,,2026,high,mb-alone
5SudOD9R1Of6CsJVWZy6CQ,"exitosEspana vivaLatino","Dardos","Romeo Santos, Prince Royce",2025,high,false,,,2025,2025,2025,2025,high,vote:mb+it+dz+isrc
2lTm559tuIvatlT1u0JYG2,"exitosEspana vivaLatino jitsterOfficial","BAILE INoLVIDABLE","Bad Bunny",2025,high,false,,,,2025,2024,2025,high,vote:mb+dz
3QbfCvCAOCrSGNcGjtOjYM,"exitosEspana","capaz (merengueton)","Alleh, Yorghaki",2024,high,false,,,2024,2024,2017,2024,high,vote:mb+it+dz
3sK8wGT43QFpWrvNQsrQya,"exitosEspana vivaLatino","DtMF","Bad Bunny",2025,high,false,,,,2025,2024,2025,high,vote:mb+dz
60a0Rd6pjrkxjPbaKzXjfq,"rockParty","In the End","Linkin Park",2000,high,false,,,2000,2000,2000,2000,high,vote:mb+it+dz+isrc
57bgtoPSgt236HzfBOd8kj,"rockParty jitsterOfficial","Thunderstruck","AC/DC",1990,high,false,,,1990,1990,1990,1990,high,vote:mb+it+dz+isrc
3ZOEytgrvLwQaqXreDs2Jx,"rockParty","Can't Stop","Red Hot Chili Peppers",2002,high,false,,,2002,2004,2002,2002,high,vote:mb+it+isrc
7w87IxuO7BDcJ3YUqCyMTT,"rockParty","Pumped Up Kicks","Foster The People",2010,high,false,,,2010,2011,2010,2010,high,vote:mb+it+isrc
1Cwsd5xI8CajJz795oy4XF,"rockParty","You Get What You Give","New Radicals",1998,high,false,,,1998,1998,1998,1998,high,vote:mb+it+dz+isrc
2DlHlPMa4M17kufBvI2lEN,"rockParty jitsterOfficial","Chop Suey!","System Of A Down",2001,high,false,,,2001,2001,2001,2001,high,vote:mb+it+dz+isrc
0ntQJM78wzOLVeCUAW7Y45,"rockParty","Sex on Fire","Kings of Leon",2008,high,false,,,2008,2008,2008,2008,high,vote:mb+it+dz+isrc
4Yf5bqU3NK4kNOypcrLYwU,"rockParty","Faint","Linkin Park",2003,high,false,,,2003,2003,2003,2003,high,vote:mb+it+dz+isrc
08mG3Y1vljYA6bvDt4Wqkj,"rockParty jitsterOfficial","Back In Black","AC/DC",1980,high,false,,,1980,1980,1980,1980,high,vote:mb+it+dz+isrc
4BggEwLhGfrbrl7JBhC8EC,"rockParty","Butterfly","Crazy Town",1999,high,false,,,1999,2000,1999,1999,high,vote:mb+it+isrc
6L89mwZXSOwYl76YXfX13s,"rockParty","Basket Case","Green Day",1994,high,false,,,1994,2003,1999,1994,high,vote:mb+it
2m1hi0nfMR9vdGC8UcrnwU,"rockParty","All The Small Things","blink-182",1997,high,false,,,1999,2016,1999,1999,high,vote:it+isrc
0GONea6G2XdnHWjNZd6zt3,"rockParty","Summer Of '69","Bryan Adams",1984,high,false,,,1983,2014,1984,1984,high,vote:mb+isrc
1QFh8OH1e78dGd3VyJZCAC,"rockParty","Boys Don't Cry","The Cure",1979,high,false,,,1979,2001,1978,1979,high,vote:mb+it
2SiXAy7TuUkycRVbbWDEpo,"rockParty","You Shook Me All Night Long","AC/DC",1980,high,false,,,1980,1980,1980,1980,high,vote:mb+it+dz+isrc
6eVoCbEtFjzfYeWJjkD3gP,"rockParty","Silencio","U2",2026,high,false,,,,2026,2026,2026,high,vote:mb+dz+isrc
3IV4swNduIRunHREK80owz,"rockParty","Rollin' (Air Raid Vehicle)","Limp Bizkit",2000,high,false,,,2000,2015,2000,2000,high,vote:mb+it+isrc
6nTiIhLmQ3FWhvrGafw2zj,"rockParty","American Idiot","Green Day",2004,high,false,,,,2004,2004,2004,high,vote:mb+dz+isrc
4pt5fDVTg5GhEvEtlz9dKk,"rockParty","I WANNA BE YOUR SLAVE","Måneskin",2021,high,false,,,,2021,2021,2021,high,vote:mb+dz+isrc
7e89621JPkKaeDSTQ3avtg,"rockParty","Sweet Home Alabama","Lynyrd Skynyrd",1974,high,false,,,1974,2007,1974,1974,high,vote:mb+it+isrc
1EDPVGbyPKJPeGqATwXZvN,"rockParty","The Emptiness Machine","Linkin Park",2024,high,false,,,,2024,2024,2024,high,vote:mb+dz+isrc
59WN2psjkt1tyaxjspN8fp,"rockParty","Killing In The Name","Rage Against The Machine",1992,high,false,,,2001,2012,2012,1992,high,mb-alone
1FTSo4v6BOZH9QxKc3MbVM,"rockParty jitsterOfficial","Song 2 - 2012 Remaster","Blur",1997,high,false,,,1997,2000,1996,1997,high,vote:mb+it
42et6fnHCw1HIPSrdPprMl,"rockParty","Semi-Charmed Life","Third Eye Blind",1997,high,false,,,1997,2006,2006,1997,high,vote:mb+it
39shmbIHICJ2Wxnk1fPSdz,"rockParty","Should I Stay or Should I Go - Remastered","The Clash",1982,high,false,,,1982,1982,2012,1982,high,vote:mb+it+dz
7j31rVgGX9Q2blT92VBEA0,"rockParty","Teenagers","My Chemical Romance",2006,high,false,,,2006,2006,2006,2006,high,vote:mb+it+dz+isrc
2AT8iROs4FQueDv2c8q2KE,"rockParty","R U Mine?","Arctic Monkeys",2012,high,false,,,2012,2013,2013,2012,high,vote:mb+it
5ghIJDpPoe3CfHMGu71E6T,"rockParty","Smells Like Teen Spirit","Nirvana",1991,high,false,,,1991,2011,1999,1991,high,vote:mb+it
6QewNVIDKdSl8Y3ycuHIei,"rockParty","Even Flow","Pearl Jam",1991,high,false,,,1991,1992,1991,1991,high,vote:mb+it+isrc
33iv3wnGMrrDugd7GBso1z,"rockParty","My Own Worst Enemy","Lit",1999,high,false,,,,1999,1998,1999,high,vote:mb+dz
2avKuMN2QXkaG9vvHa2JLt,"rockParty","Take A Look Around","Limp Bizkit",2000,high,false,,,2000,2007,2000,2000,high,vote:mb+it+isrc
5DiXcVovI0FcY2s0icWWUu,"rockParty","Mr. Jones","Counting Crows",1993,high,false,,,1993,2003,2000,1993,high,vote:mb+it
5tVA6TkbaAH9QMITTQRrNv,"rockParty","Free Fallin'","Tom Petty",1989,high,false,,,1989,2008,1989,1989,high,vote:mb+it+isrc
78lgmZwycJ3nzsdgmPPGNx,"rockParty jitsterOfficial","Immigrant Song - Remaster","Led Zeppelin",1970,high,false,,,1970,1970,2013,1970,high,vote:mb+it+dz
2MuWTIM3b0YEAskbeeFE1i,"rockParty jitsterOfficial","Master Of Puppets","Metallica",1986,high,false,,,1986,2013,2013,1986,high,vote:mb+it
1FkoVC85Ds3mFoK0fVqEqP,"rockParty","Self Esteem","The Offspring",2002,high,false,,,1994,1994,2007,1994,high,vote:it+dz
0a7BloCiNzLDD9qSQHh5m7,"rockParty","Dance, Dance","Fall Out Boy",2005,high,false,,,2005,2005,2005,2005,high,vote:mb+it+dz+isrc
3MrRksHupTVEQ7YbA0FsZK,"rockParty jitsterOfficial","The Final Countdown","Europe",1986,high,false,,,1986,1988,1986,1986,high,vote:mb+it+isrc
7N3PAbqfTjSEU1edb2tY8j,"rockParty","Jump - 2015 Remaster","Van Halen",1983,high,false,,,1983,1984,2014,1983,high,vote:mb+it
7HKez549fwJQDzx3zLjHKC,"rockParty","Start Me Up - Remastered 2009","The Rolling Stones",1981,high,false,,,1981,2009,2009,1981,high,vote:mb+it
0cuq829zRNq4AEdmDJA4aw,"rockParty","Two Princes","Spin Doctors",1991,high,false,,,1991,2000,1990,1991,high,vote:mb+it
0BRHnOFm6sjxN1i9LJrUDu,"rockParty","The Anthem","Good Charlotte",2002,high,false,,,2002,2010,2002,2002,high,vote:mb+it+isrc
57Xjny5yNzAcsxnusKmAfA,"rockParty","Reptilia","The Strokes",2003,high,false,,,2003,2003,2003,2003,high,vote:mb+it+dz+isrc
0hCB0YR03f6AmQaHbwWDe8,"rockParty","Whole Lotta Love - 1990 Remaster","Led Zeppelin",1969,high,false,,,1969,1969,2013,1969,high,vote:mb+it+dz
4bPQs0PHn4xbipzdPfn6du,"rockParty","I Write Sins Not Tragedies","Panic! At The Disco",2005,high,false,,,2005,2005,2005,2005,high,vote:mb+it+dz+isrc
5FZxsHWIvUsmSK1IAvm2pp,"rockParty","Best of You","Foo Fighters",2005,high,false,,,2005,2009,2005,2005,high,vote:mb+it+isrc
0PdM2a6oIjqepoEfcJo0RO,"rockParty","Pour Some Sugar On Me - Remastered 2017","Def Leppard",1987,high,false,,,1987,2018,1987,1987,high,vote:mb+it+isrc
56KqaFSGTb7ifpt16t5Y1N,"rockParty","Rock the Casbah - Remastered","The Clash",1982,high,false,,,1982,1982,2012,1982,high,vote:mb+it+dz
0tZ3mElWcr74OOhKEiNz1x,"rockParty","Bulls On Parade","Rage Against The Machine",1992,high,false,,,2001,1996,1995,1992,high,mb-alone
0uppYCG86ajpV2hSR3dJJ0,"rockParty","Give It Away","Red Hot Chili Peppers",1991,high,false,,,1991,1991,1999,1991,high,vote:mb+it+dz
5EYdTPdJD74r9EVZBztqGG,"rockParty","The Bad Touch","Bloodhound Gang",1999,high,false,,,1999,2012,1999,1999,high,vote:mb+it+isrc
0Puj4YlTm6xNzDDADXHMI9,"rockParty","Sabotage","Beastie Boys",1994,high,false,,,1994,2005,2005,1994,high,vote:mb+it
4KacUpvbA3Mfo05gttTjhN,"rockParty","Fat Lip","Sum 41",2001,high,false,,,2001,2001,2001,2001,high,vote:mb+it+dz+isrc
2aoo2jlRnM3A0NyLQqMN2f,"rockParty","All Along the Watchtower","Jimi Hendrix",1968,high,false,,,1968,2010,2009,1968,high,vote:mb+it
5XMjXjwCkJVmk0AHm7z8IV,"rockParty","Jerk It Out","Caesars",2002,high,false,,,2003,2005,2002,2002,high,vote:mb+isrc
5PntSbMHC1ud6Vvl8x56qd,"rockParty","Loser","Beck",1993,high,false,,,1993,2004,1994,1993,high,vote:mb+it
6hwQ69v7VbPhTTR2fOtYX7,"rockParty","Want You Bad","The Offspring",2000,high,false,,,2000,2016,2000,2000,high,vote:mb+it+isrc
45Ia1U4KtIjAPPU7Wv1Sea,"rockParty","Are You Gonna Go My Way","Lenny Kravitz",1993,high,false,,,1993,1997,1993,1993,high,vote:mb+it+isrc
0gzqZ9d1jIKo9psEIthwXe,"rockParty","Beautiful Day","U2",2000,high,false,,,2000,2000,2000,2000,high,vote:mb+it+dz+isrc
5MMnwYs0hIxkENRsbkWJ2G,"rockParty","Smoke On The Water - Remastered 2012","Deep Purple",1972,high,false,,,1972,2012,2012,1972,high,vote:mb+it
6tsojOQ5wHaIjKqIryLZK6,"rockParty","All My Life","Foo Fighters",2002,high,false,,,2002,2009,2002,2002,high,vote:mb+it+isrc
3620P9KJS2PDebJ9ABFitc,"rockParty","18 and Life","Skid Row",1989,high,false,,,1989,2026,2009,1989,high,vote:mb+it
3DQVgcqaP3iSMbaKsd57l5,"rockParty","I Bet You Look Good On The Dancefloor","Arctic Monkeys",2005,high,false,,,2005,2005,2005,2005,high,vote:mb+it+dz+isrc
263aNAQCeFSWipk896byo6,"rockParty","Friday I'm in Love","The Cure",1992,high,false,,,1984,1992,1992,1992,high,vote:mb+dz+isrc
2PzU4IB8Dr6mxV3lHuaG34,"rockParty","(I Can't Get No) Satisfaction - Mono","The Rolling Stones",1965,high,false,,,1965,2010,1965,1965,high,vote:mb+it+isrc
756CJtQRFSxEx9jV4P9hpA,"rockParty","I Believe In A Thing Called Love","The Darkness",2002,high,false,,,2002,2003,2003,2002,high,vote:mb+it
5qxChyzKLEyoPJ5qGrdurN,"rockParty","No Sleep Till Brooklyn","Beastie Boys",1986,high,false,,,1986,1995,1986,1986,high,vote:mb+it+isrc
1oagRT7LfpVlNJN6FSZDGp,"rockParty","This Ain't A Scene, It's An Arms Race","Fall Out Boy",2006,high,false,,,2007,2007,2006,2006,high,vote:mb+isrc
7aOor99o8NNLZYElOXlBG1,"rockParty","Highway Tune","Greta Van Fleet",2017,high,false,,,2017,2017,2017,2017,high,vote:mb+it+dz+isrc
0jqK7sGTLsHPkQrrcrGuKD,"rockParty","Still Waiting","Sum 41",2002,high,false,,,2002,2002,2002,2002,high,vote:mb+it+dz+isrc
1gcESexgftSuLuML57Y69q,"rockParty","All Right Now","Free",1970,high,false,,,1970,2008,1970,1970,high,vote:mb+it+isrc
2KReCz1L5XkGIBhDncQ5VZ,"rockParty","BABY SAID","Måneskin",2023,high,false,,,2021,2023,2022,2023,high,vote:mb+dz
5NLuC70kZQv8q34QyQa1DP,"rockParty","Fight For Your Right","Beastie Boys",1986,high,false,,,1986,1995,1986,1986,high,vote:mb+it+isrc
4feXJ5IC3avXsVW9WNFSag,"rockParty","Rock N Roll Train","AC/DC",2008,high,false,,,2008,2008,2008,2008,high,vote:mb+it+dz+isrc
2g2a5kDeZexbUTD8abcvm6,"rockParty","Lifestyles of the Rich & Famous","Good Charlotte",2002,high,false,,,2002,2010,2002,2002,high,vote:mb+it+isrc
3uPfVXcjnpOjyzI3jb3js4,"rockParty","Fly","Sugar Ray",1997,high,false,,,1997,1997,1997,1997,high,vote:mb+it+dz+isrc
5kr3j5Clb9rjEposoMyLVt,"rockParty","Welcome to Paradise","Green Day",1994,high,false,,,1994,1994,1999,1994,high,vote:mb+it+dz
6NvRxjfYkkT2SpirAlmsjH,"rockParty","No One Knows","Queens of the Stone Age",2002,high,false,,,2002,2002,2002,2002,high,vote:mb+it+dz+isrc
2UKARCqDrhkYDoVR4FN5Wi,"rockParty","Plug in Baby","Muse",2001,high,false,,,2001,2005,2000,2001,high,vote:mb+it
5yAu4njFSdM47dfsTkQPZ2,"rockParty","Runnin' Down A Dream","Tom Petty",1989,high,false,,,1989,2008,1989,1989,high,vote:mb+it+isrc
05NYcsjJwOYq4jIiKPVj9p,"rockParty","Hard To Handle","The Black Crowes",1990,high,false,,,1990,2013,1990,1990,high,vote:mb+it+isrc
2V8KvnD5LVeeDChMWEkSzC,"rockParty","Nothin' But A Good Time - Remastered 2006","Poison",1988,high,false,,,1988,2018,1988,1988,high,vote:mb+it+isrc
0LoQuiekvzqx7n8flgEKzF,"rockParty","Get It On","T. Rex",1971,high,false,,,1971,,,1971,high,vote:mb+it
1jMaB19DiVR8OihLSuYFOt,"rockParty","Spoonman","Soundgarden",1994,high,false,,,1994,2014,1994,1994,high,vote:mb+it+isrc
44wXefe8WB9Fd6xwtmAwbR,"rockParty","Monkey Wrench","Foo Fighters",1997,high,false,,,1997,2000,1996,1997,high,vote:mb+it
4qO03RMQm88DdpTJcxlglY,"rockParty","Call Me","Blondie",1980,high,false,,,1980,2003,1989,1980,high,vote:mb+it
0upLyFR8Rr52ZpMp5esQoq,"rockParty","You Really Got Me - 2015 Remaster","Van Halen",1978,high,false,,,1978,1978,2014,1978,high,vote:mb+it+dz
3SUusuA9jH1v6PVwtYMbdv,"rockParty","Last Nite","The Strokes",2001,high,false,,,2001,2001,2001,2001,high,vote:mb+it+dz+isrc
4NnWuGQujzWUEg0uZokO5M,"rockParty","Just Like Heaven - Remastered 2006","The Cure",1987,high,false,,,1987,2001,1987,1987,high,vote:mb+it+isrc
2kWowW0k4oFymhkr7LmvzO,"rockParty","Come with Me Now","KONGOS",2012,high,false,,,2012,2014,2011,2012,high,vote:mb+it
2mPMFJvQ0v27gVqe5b6nDn,"rockParty","Hash Pipe","Weezer",2001,high,false,,,2001,2001,2001,2001,high,vote:mb+it+dz+isrc
0f37VQs969vZUL4gVfHRV9,"rockParty","Bawitdaba","Kid Rock",1998,high,false,,,,2008,1998,1998,high,vote:mb+isrc
5eU8qMd0TpaLqTGDZJaLDs,"rockParty","Need You Tonight","INXS",1987,high,false,,,1987,2011,1987,1987,high,vote:mb+it+isrc
5G1sTBGbZT5o4PNRc75RKI,"rockParty","Lonely Boy","The Black Keys",2011,high,false,,,2011,2011,2011,2011,high,vote:mb+it+dz+isrc
04caEZhAsQKnWqKsMwk9ud,"rockParty","My Number","Foals",2012,high,false,,,2012,2013,2012,2012,high,vote:mb+it+isrc
3MjrueDQKVr6xDDseZwhEd,"rockParty","Figure It Out","Royal Blood",2014,high,false,,,2014,2014,2014,2014,high,vote:mb+it+dz+isrc
4GvPlSOKfN7aXEuGW8zKUx,"rockParty","GOSSIP (feat. Tom Morello)","Måneskin, Tom Morello",2024,low,false,,,,2023,2022,2024,low,mb-alone
5YBVDvTSSSiqv7KZDeUlXA,"rockParty","Renegades Of Funk","Rage Against The Machine",1992,high,false,,,2000,2000,2000,2000,high,vote:it+dz+isrc
6qUEOWqOzu1rLPUPQ1ECpx,"rockParty","Walk This Way (feat. Aerosmith)","Run–D.M.C., Aerosmith",1986,high,false,,,,,,1986,high,mb-alone
4juzduULFJiZVIcrC1tkxE,"rockParty","Banquet","Bloc Party",2004,high,false,,,2004,2005,2004,2004,high,vote:mb+it+isrc
7xRWmHZ2wt3zDgM5mAL0JU,"trapArgentino","Aleman: Bzrp Music Sessions, Vol. 15/66","Bizarrap, Alemán",,none,true,2019,isrc,,2019,2019,2019,high,vote:mb+dz+isrc
1iidvirbvLhm05k83k4N64,"trapArgentino","Rockstar","Duki",2018,high,false,,,,2018,2017,2018,high,vote:mb+dz
08ilexedmUuccTWTeK7Dvb,"trapArgentino","John C: Bzrp Music Sessions, Vol. 18/66","Bizarrap, John C",,none,true,,,,2019,2019,2019,low,deezer+isrc
422Avi2VjqZKCVzstKmqog,"trapArgentino","Hello Cotto","Duki",2018,high,false,,,,2018,2017,2018,high,vote:mb+dz
7ehmaSwhEZv4aaJzxsVMGY,"trapArgentino","She Don't Give a FO (feat. Khea)","Duki, KHEA",2018,high,false,,,2017,2018,2017,2017,high,vote:it+isrc
0W3TCDzYM7xFrZSaXnQvs4,"trapArgentino","CÓMO CHILLA ELLA","YSY A, SPONSOR DIOS, Evlay",2022,high,false,,,,2022,2022,2022,high,vote:mb+dz+isrc
6itjKRbqPMmx9fo4PDlLhm,"trapArgentino","H.I.E.L.O.","Duki, Obie Wanshot",2010,high,false,,,2020,2020,2020,2020,high,vote:it+dz+isrc
7HLHYxRkEAWr90BGYxk15F,"trapArgentino","Quavo #Mododiablo","Duki, Neo Pistea, YSY A",2018,high,false,,,,2018,2018,2018,high,vote:mb+dz+isrc
7ouulWlZPefmEIGYWNyiPH,"trapArgentino","Trueno: Bzrp Music Sessions, Vol. 16/66","Bizarrap, Trueno",,none,false,,,,2019,2019,2019,low,deezer+isrc
4jTKJOFxaqEcm558JYi4Dh,"trapArgentino","Trueno: Bzrp Freestyle Sessions, Vol. 6","Bizarrap, Trueno",2019,high,false,,,2019,2019,2019,2019,high,vote:mb+it+dz+isrc
1sDM6RyofDWeLLLS6SJzYc,"trapArgentino","PANAMA","Trueno, Duki",2021,high,false,,,2021,2021,2020,2021,high,vote:mb+it+dz
3ZBVYxy3XK4IVUlcoq3suZ,"trapArgentino","ANGELITO (feat. Duki)","Obie Wanshot, Duki",2020,high,false,,,,2020,2017,2020,high,vote:mb+dz
4ggrH4V2eKpf2xDfHMuRrq,"trapArgentino","Dani Ribba: Bzrp Music Sessions, Vol. 24/66","Bizarrap, Dani Ribba",,none,true,,,2020,2020,2020,2020,high,vote:it+dz+isrc
6tMqYyCVU2aKgUahMvJz2S,"trapArgentino","Atrevido","Trueno, Taiu, ONIRIA, tatool",2020,high,false,,,2020,2020,2020,2020,high,vote:mb+it+dz+isrc
2nxft8uvdFYovqAcaxulSz,"trapArgentino","Piso","Bhavi, ECKO, Omar Varela",2018,high,false,,,,,,2018,high,mb-alone
6TI490muJ6RgFsYJc626BZ,"trapArgentino","#Ysya2020 Vol. 5 - Silbando","YSY A, CLUB HATS",,none,false,,,,2020,2020,2020,low,deezer+isrc
1xXQCSt0xkfeGhe18ey2p8,"trapArgentino","YSY A: Bzrp Music Sessions, Vol. 37/66","Bizarrap, YSY A",,none,true,,,2021,2021,2021,2021,high,vote:it+dz+isrc
5uHAzGa4d9j35DEbhUwGhi,"trapArgentino","MELÓN VINO","WOS",2019,high,false,,,2019,2019,2019,2019,high,vote:mb+it+dz+isrc
0qhynIDQPUYENhtIQ3TUyE,"trapArgentino","SOLO POR VOS","Trueno",2021,high,false,,,2021,2021,2020,2021,high,vote:mb+it+dz
57kdZIOAaolxAjB67d2yU3,"trapArgentino","Goteo","Duki",2019,high,false,,,2019,2019,2019,2019,high,vote:mb+it+dz+isrc
16tcwFXBCSmSxLj5vnlsU9,"trapArgentino","Rain II","Trueno, Taiu, tatool, XOVOX",2020,high,false,,,,2020,2020,2020,high,vote:mb+dz+isrc
0K0soSt52EhMS9FohRObdK,"trapArgentino","Cómo Le Digo","KHEA, Omar Varela, Asan",2018,high,false,,,2018,2018,2018,2018,high,vote:mb+it+dz+isrc
7FfQ2E4LqvwKKOyKXyC2L2,"trapArgentino","Mala Mía","LIT killah, Duki",2021,high,false,,,2021,2021,2021,2021,high,vote:mb+it+dz+isrc
4ORf8PPjeY3YYjVDDYn9ke,"trapArgentino","Linaje","YSY A",2018,high,false,,,,2018,2018,2018,high,vote:mb+dz+isrc
2Z4VK9otSeq3MxWcEgptUa,"trapArgentino","Si Te Sentis Sola","Duki",2018,high,false,,,2018,2018,2018,2018,high,vote:mb+it+dz+isrc
2Ec9d0klODFgH4bxv2C7pR,"trapArgentino","No Se","YSY A, Duki",2021,high,false,,,,2018,2018,2021,high,mb-alone
1JY48zKQs16W0necdEl0M8,"trapArgentino","Dillom: Bzrp Music Sessions, Vol. 9","Bizarrap, Dillom",2019,high,false,,,,,,2019,high,mb-alone
2Z4FBa6hAEh7VTHYCqXy7P,"trapArgentino","OPA","Dillom",2021,high,false,,,,2021,2021,2021,high,vote:mb+dz+isrc
0vnrhysrKKRdNYFKLAGzRc,"trapArgentino","Loca","KHEA, Duki, Cazzu, Omar Varela, MYKKA",2017,high,false,,,,2017,2017,2017,high,vote:mb+dz+isrc
1sbxPVKNi6OLUdTHRrbd5A,"trapArgentino","24K","Frijo, Santoz, Duki",,none,true,,,2019,2019,2019,2019,high,vote:it+dz+isrc
3EsXS6UlpHtJvopnLTbsiT,"trapArgentino","Tamo Loco","YSY A",2018,high,false,,,2018,2018,2018,2018,high,vote:mb+it+dz+isrc
0OWcpVA83HI8Pb5DybDuoX,"trapArgentino","Tumbando el Club (feat. C.R.O, Obiewanshot, YSY A, Cazzu, KHEA, Lucho SSJ, Coqeéin Montana, Marcianos Crew & Duki) - Remix","Neo Pistea, C.R.O, Obie Wanshot, YSY A, Cazzu, KHEA, Lucho SSJ, Coqeéin Montana, Marcianos Crew, Duki",,none,false,2019,extended-clean+remix,,,,2019,low,mb-alone
3UytZp1xDkNkROyIwE7DbY,"trapArgentino","Hood - Remix","Trueno, Tiago PZK",2022,low,false,,,2022,2022,2022,2022,high,vote:mb+it+dz+isrc
4kELKaXaNP4EQR8Q8xNIID,"trapArgentino","FEEL ME??","Trueno",2021,high,false,,,,2021,2020,2021,high,vote:mb+dz
48H3BsuIXKMYRTuFtxkRhh,"trapArgentino","El Amanecer","YSY A",,none,false,,,2018,2018,2018,2018,high,vote:it+dz+isrc
5w8dx6u3KGawHWZAJoqyKM,"trapArgentino","A POR TODO","YSY A, SPONSOR DIOS, ONIRIA",2022,high,false,,,,2022,2022,2022,high,vote:mb+dz+isrc
7MkylDYvKTSuWgrsBhHlsG,"trapArgentino","Duki: Bzrp Music Sessions, Vol. 50/66","Bizarrap, Duki",,none,false,,,2022,2022,2022,2022,high,vote:it+dz+isrc
0qPbQWcqNDVrReSSvMoJxk,"trapArgentino","C.R.O: Bzrp Music Sessions, Vol. 29/66","Bizarrap, C.R.O",,none,true,,,,2020,2020,2020,low,deezer+isrc
1fJjC8C0BdgUHlKIP2ODQf,"trapArgentino","Sangría - con WOS","Trueno, WOS, Taiu, Evlay, tatool",,none,false,,,,2020,2020,2020,low,deezer+isrc
6KEb17S00Inf0v1qYDgUAj,"trapArgentino","Malbec","Duki, Bizarrap",2021,high,false,,,,2021,2021,2021,high,vote:mb+dz+isrc
0B8yu7yLe1UsXv6gewHRv2,"trapArgentino","Pintao","Duki, YSY A, Rei",2021,high,false,,,2021,2021,2021,2021,high,vote:mb+it+dz+isrc
3juYl7RDkfwMGX5a17ach5,"trapArgentino","B.U.H.O","Midel, Arse, KHEA, Duki, Klave, MYKKA, Omar Varela",2017,low,false,,,,2017,2017,2017,high,vote:mb+dz+isrc
5z2pkfNzSL9Ad87xcQQEdw,"trapArgentino","Frijo: Bzrp Music Sessions, Vol. 10/66","Bizarrap, Frijo, Hot Plug Beats",,none,true,,,,2019,2019,2019,low,deezer+isrc
46xx1V1UK5085ekWgIntp8,"trapArgentino","Hijo de la Noche","Duki, C.R.O, YSY A",2018,low,false,,,,2018,2018,2018,high,vote:mb+dz+isrc
51dqvo5QYezL3rjL6qjksA,"trapArgentino","Hitboy","Duki, KHEA",2019,high,false,,,2019,2019,2018,2019,high,vote:mb+it+dz
2wK7D7i9bfVt3uLjFsZSEU,"trapArgentino","FULL ICE (prod. ORODEMBOW)","YSY A",,none,true,2019,extended-clean,,2019,2019,2019,high,vote:mb+dz+isrc
2bbwjxA68m9PHZFWgF1fze,"trapArgentino","GIVENCHY","Duki",2022,high,false,,,,2022,2022,2022,high,vote:mb+dz+isrc
2LzpOIEFP862EHojyakCS6,"trapArgentino","Super Jon-Z (Residente Challenge)","Jon Z, Duran The Coach",,none,false,,,,2017,2017,2017,low,deezer+isrc
1jeDJQPOJf733vYB4KtdRH,"trapArgentino","Cereza","Fuego, Duki",2019,high,false,,,,2019,2019,2019,high,vote:mb+dz+isrc
64z5CqcwEqEqncSZ1iILQ4,"trapArgentino","No Soy Yo","Mesita",,none,false,,,,2019,2019,2019,low,deezer+isrc
6b4ioB9n5Hkeu2GdSOWzJJ,"trapArgentino","C90 (Remix)","John C, Neo Pistea, Bhavi, Trueno",2019,low,false,,,2019,2019,2019,2019,high,vote:mb+it+dz+isrc
1wY7YlavH2C0U1HfR07XvZ,"trapArgentino","Casi un G","YSY A",2018,high,false,,,2018,2018,2018,2018,high,vote:mb+it+dz+isrc
4tLlULeAjB40XTzs0P5gBS,"trapArgentino","A$AP","Dillom, Muerejoven, Halpe",2019,high,false,,,,2019,2019,2019,high,vote:mb+dz+isrc
1tYHgSaQDSYHRVMGgDnTdk,"trapArgentino","Mesita: Bzrp Music Sessions, Vol. 12/66","Bizarrap, Mesita",,none,false,,,2019,2019,2019,2019,high,vote:it+dz+isrc
56CnVxbOqzOXBJrVxnMTtk,"trapArgentino","Día De Pago","Ovi, Duki",2021,high,false,,,,2021,2021,2021,high,vote:mb+dz+isrc
2byu6eeLWaBq88ZtusqU4V,"trapArgentino","#Ysya2020 Vol. 6 - Un Flow de Infarto","YSY A, Bizarrap",2020,high,false,,,2020,2020,2020,2020,high,vote:mb+it+dz+isrc
5NNgc8no4aMgbrCWQFkdZ7,"trapArgentino","Traje Unos Tangos","YSY A",2019,high,false,,,2019,2019,2019,2019,high,vote:mb+it+dz+isrc
2UAWYufVaO3EnUUNzl0ppO,"trapArgentino","CANGURO","WOS",2019,high,false,,,,2019,2019,2019,high,vote:mb+dz+isrc
4kL0VSpBA9pzjlwPnSHJ9L,"trapArgentino","Rolling Stone","ECKO",,none,true,,,2018,2018,2019,2018,high,vote:it+dz
6MbSMSXrSlvsyHf4kcaLQi,"trapArgentino","No Puedo","Paulo Londra",2019,high,false,,,2019,2019,2019,2019,high,vote:mb+it+dz+isrc
2WiHAz1JWspKUFFxcbDiPW,"trapArgentino","Kiddo Toto: Bzrp Music Sessions, Vol. 11/66","Bizarrap, Kiddo Toto",,none,true,,,2019,2019,2019,2019,high,vote:it+dz+isrc
37Z1uelkuUbbigFRWAhGjN,"trapArgentino","Vuelta a la Luna - Remix","YSY A, Duki, Neo Pistea",2019,low,false,,,,2019,2019,2019,high,vote:mb+dz+isrc
0auXrMuY60r1lfRozhloTk,"trapArgentino","Ella Es una G","C.R.O, Duki",2018,high,false,,,,2018,2018,2018,high,vote:mb+dz+isrc
2PKb7tFxkwMoS7Y6muOTAR,"trapArgentino","Zaramay: Bzrp Music Sessions, Vol. 31/66","Bizarrap, ZARAMAY",,none,true,,,2020,2020,2020,2020,high,vote:it+dz+isrc
6Cgj3VVfcYJN9vZbMVcKRd,"trapArgentino","Ñeri","Trueno, Taiu, tatool",2020,high,false,,,,2020,2020,2020,high,vote:mb+dz+isrc
3J07YIMTnaBv4p6QerX7hT,"trapArgentino","Como vas?","Kidd Keo",2020,high,false,,,,2020,2020,2020,high,vote:mb+dz+isrc
1XadOBWghF0LhMuXI4GJ6M,"trapArgentino","Chico Estrella","Duki",2021,high,false,,,2021,2021,2021,2021,high,vote:mb+it+dz+isrc
3oyOEGQXpwXVwLSZb088bJ,"trapArgentino","Jimmy Fallon - Remix","Lucho SSJ, Duki, KHEA, C.R.O",2020,low,false,,,,2020,2020,2020,high,vote:mb+dz+isrc
4qYOtEUm1Xp8dFSOfz9uP0,"trapArgentino","Fvck Luv","Duki, C.R.O",2018,high,false,,,,2018,2018,2018,high,vote:mb+dz+isrc
3aozFlnbP7zhcJKi9O0FUz,"trapArgentino","TRAP.N.EXPORT","Modo Diablo, Duki, YSY A, Neo Pistea",,none,false,,,,2019,2018,,none,none
7bidsoy3nzCDNYzAzrV7NN,"trapArgentino","KHEA: Bzrp Music Sessions, Vol. 34/66","Bizarrap, KHEA",,none,true,,,,2020,2020,2020,low,deezer+isrc
2nAU1PxC7thpZMeheGz0fu,"trapArgentino","Tu Recuerdo","C.R.O",,none,true,,,2019,2019,2019,2019,high,vote:it+dz+isrc
2tOwu9vUs0ofbIYm6CqS0i,"trapArgentino","Asan: Bzrp Music Sessions, Vol. 35/66","Bizarrap, Asan",,none,false,,,2020,2020,2020,2020,high,vote:it+dz+isrc
6KGGhJoXrztLp8ZT91zizs,"trapArgentino","YIN YAN","Duki, Rels B",2021,high,false,,,2021,2021,2021,2021,high,vote:mb+it+dz+isrc
2wBUN6KcwwPkhvhUa9DKVj,"trapArgentino","Acapella","Duki",2022,high,false,,,2020,2020,2020,2020,high,vote:it+dz+isrc
3ivnBohmIbZFrtzGkSqUtN,"trapArgentino","Moon Talk","Kidd Keo",2020,high,false,,,,2019,2019,2020,high,mb-alone
09OoZ39K2iLBlEsuawWOPR,"trapArgentino","Basura","C.R.O, Duki, NEGRO DUB",,none,false,,,,2020,2020,2020,low,deezer+isrc
60awEP3PxbmoqegaLOrY2W,"trapArgentino","Money","C.R.O",2019,high,false,,,,2019,2019,2019,high,vote:mb+dz+isrc
2pfV8fZZdLRsZYatVGKlUq,"trapArgentino","No Lo Entiendo","Bhavi, KHEA, Omar Varela",2019,high,false,,,2019,2019,2019,2019,high,vote:mb+it+dz+isrc
07MOxjgQMkEcQoFZI1Zye0,"trapArgentino","Impala","Santoz, Duki, Frijo",2019,high,false,,,,2019,2019,2019,high,vote:mb+dz+isrc
2ksvWFIlW7QgXuvk2MA1FT,"trapArgentino","Pastel Con Nutella","YSY A",2018,high,false,,,,2018,2018,2018,high,vote:mb+dz+isrc
48CHmh2VroEEF6knqEmYX8,"trapArgentino","Creo Que (feat. Asan)","KHEA, Asan",2020,high,false,,,,2020,2017,2020,high,vote:mb+dz
1WMMrUKNFsnEG2csDURxhb,"trapArgentino","Sol y Luna","Duki",2019,high,false,,,,2019,2019,2019,high,vote:mb+dz+isrc
3MzOM5DAp7k48yZHB2DiN6,"trapArgentino","Mi Chain de Roque","Duki",2018,high,false,,,,2018,2018,2018,high,vote:mb+dz+isrc
76mgiVDDa9X2DTEbkithf4,"trapArgentino","Ferrari","Duki, DICC",2018,high,false,,,,2018,2018,2018,high,vote:mb+dz+isrc
0y8wA9l9ZfoPrWUYgqFg4U,"trapArgentino","Teca (Remix) [feat. Neo Pistea, Midel, Rei & Zecca]","Asan, Bhavi, YSY A, Neo Pistea, Midel, Rei, Zecca",,none,false,,,,2021,2017,,none,none
6y6EZKfsOZ7P3ALbnUuXik,"trapArgentino","Midtown","Duki",2021,high,false,,,2021,2021,2021,2021,high,vote:mb+it+dz+isrc
4I9WKQdCuHMzQSFpP1k6Tu,"trapArgentino","AEROBICO REMIX","Bhavi, Duki, Milo j, LIT killah",,none,true,,,,2023,2023,2023,low,deezer+isrc
2r1Ovp2SgP1ybHNbbEAg1S,"trapArgentino","Tres Rosas","Seven Kayne",,none,true,,,2018,2018,2018,2018,high,vote:it+dz+isrc
0OdCEO0Fo21WQ1OitZEjjp,"trapArgentino","HOOD","Trueno",2022,high,false,,,2022,2022,2022,2022,high,vote:mb+it+dz+isrc
2ypbIXW3a7fsLdLtLpZWDZ,"trapArgentino","Si Me Sobrara el Tiempo","Duki",2023,high,false,,,2023,2023,2023,2023,high,vote:mb+it+dz+isrc
5Z0ZvUMB1MWZo5XYZdp0Vt,"trapArgentino","Alas","Duki, C.R.O",2018,high,false,,,,2018,2018,2018,high,vote:mb+dz+isrc
0g38LwEQ9i0wjNdgxMTTr2,"trapArgentino","aPoLLo13","Duki",2023,high,false,,,,2023,2023,2023,high,vote:mb+dz+isrc
0T0bu8emxuFPmWTJLkPMGZ,"trapArgentino","Lolipop","Mesita",,none,true,,,2019,2019,2019,2019,high,vote:it+dz+isrc
1RXWE7gtbRM7EvEjMWofSr,"trapArgentino","hARAkiRI","Duki, C.R.O",2023,high,false,,,2023,2023,2023,2023,high,vote:mb+it+dz+isrc
1K6Zq0N56asviW5jdUehg0,"trapArgentino","DUDADE","Dillom, Evar, Omar Varela",2020,high,false,,,,2020,2020,2020,high,vote:mb+dz+isrc
3qSXDTVldnymCphR6Hqi9z,"trapArgentino","Vida Eterna","Duki, NEGRO DUB",2020,high,false,,,,2020,2020,2020,high,vote:mb+dz+isrc
74MujHggasHq5FMkTKsNkA,"trapArgentino","A Punta de Espada","Duki, YSY A",2019,high,false,,,2019,2019,2019,2019,high,vote:mb+it+dz+isrc
78TdaRmo17p8J6BPvA8cGt,"trapArgentino","01 dE ENEro","Duki, Lucho SSJ",2023,high,false,,,2023,2023,2023,2023,high,vote:mb+it+dz+isrc
66N8wrzpsNbOUQxHMzOUfv,"trapArgentino","Azul y Oro (Freestyle)","Trueno, Taiu, tatool",2020,high,false,,,2020,2020,2020,2020,high,vote:mb+it+dz+isrc
5n68ulplVF9jN6X4sfISjb,"openingsCatala","Bola De Drac Z","SX3",,none,true,,,1992,,,,none,none
45bxA5xJPQ06JiI2bP02dG,"openingsCatala","Llum, Foc, Destrucció","SX3",,none,false,,,1992,1992,2015,1992,high,vote:it+dz
5DCXUga5ZgLuhcxYkrbDZU,"openingsCatala","Vull Viure D'Aventures","SX3",,none,true,,,1992,1992,2015,1992,high,vote:it+dz
4Y31ok4MVczfg5ra2EUYsf,"openingsCatala","Deu-Txa","SX3",,none,true,,,1992,,,,none,none
3YVJI2kDPgxJ5wk6ky7R1A,"openingsCatala","Estic Protegit Per Les Estrelles","SX3",,none,true,,,1992,1992,2015,1992,high,vote:it+dz
2jwl21gaEAa5C2Dk4r1sfr,"openingsCatala","Lamu","SX3",,none,false,,,1994,,,,none,none
1iq4Lgh2saSg8luir0jjXR,"openingsCatala","Bola de Drac","SX3",,none,true,,,1992,1992,2015,1992,high,vote:it+dz
4zzBPEkRtH9kkfEwtYd4uV,"openingsCatala","Arale","SX3",,none,true,,,1992,1992,2015,1992,high,vote:it+dz
3Y5LaNGiYeqt7tILBf9dw1,"openingsCatala","L'Inspector Gadget","SX3",,none,true,,,1992,,,,none,none
7KfVMoq3VPD01gYP3Kbsrj,"openingsCatala","Fly","SX3",,none,false,,,1994,2002,2015,,none,none
4l0CIKvfTz3YYbgzaR5T2j,"openingsCatala","Hattori el Ninja","SX3",,none,true,,,1994,1994,2015,1994,high,vote:it+dz
3lajBgFAdSRLCeBpW7zZGI,"openingsCatala","Uh! Oh! No Tinc Por!","SX3, Lila",,none,true,,,2011,2011,2015,2011,high,vote:it+dz
3EFMesma5oHCKGqs8OIxoi,"openingsCatala","Per a vosaltres, Sr. Pla","SX3, Sr. Pla",,none,false,,,2007,2016,2015,,none,none
5RFqptSic24N9TrWnv5Caz,"openingsCatala","Sempre Trepitjant","SX3",,none,true,,,2008,2008,2015,2008,high,vote:it+dz
1SI5eHi4GxAv08kapsvcGN,"openingsCatala","Sakura (Catch You Catch Me)","SX3",,none,true,,,2002,2002,2015,2002,high,vote:it+dz
539wFKWRu9g9FY8864grXv,"openingsCatala","Yu Yu Hakusho (Hohoemi No Badukan)","SX3",,none,false,,,2002,2002,2015,2002,high,vote:it+dz
6JoF9OG1QLPrLSpPwsZ4Jn,"openingsCatala","Fushigi Yugi (Ito Oshii No Tanemi)","SX3",,none,true,,,2002,2002,2015,2002,high,vote:it+dz
31o69pxrP9NcvKrCRuoHkZ,"openingsCatala","New DR. Slump","SX3",,none,true,,,2002,2002,2015,2002,high,vote:it+dz
2FT8GFlFsi8Mqz7Ugyp0i5,"openingsCatala","Posa'm Un Suc","Macedònia",2004,high,false,,,2004,2008,2008,2004,high,vote:mb+it
3YmKnOyETPc8koPFhhhUkj,"openingsCatala","Superfashion","Macedònia",,none,true,,,2008,2008,2007,2008,high,vote:it+dz
2VJYq9XQNgjhpahLAOnHDo,"openingsCatala","Megasideral","Macedònia",,none,true,,,2008,2008,2007,2008,high,vote:it+dz
2naArVkNHfooxngF6cxocN,"openingsCatala","10+2","SX3",,none,true,,,,,,,none,none
4crXxvCooPuFAJNtkbIDLP,"openingsCatala","Bola de Drac GT (Doragonbooru Jiit II)","SX3",,none,true,,,2002,2002,2015,2002,high,vote:it+dz
0oJfITJckRNrYBG0w26VkN,"openingsCatala","Les Fabuloses Tortugues Ninja","SX3",,none,true,,,1992,1992,2015,1992,high,vote:it+dz
6LKBznvINr4mgMzxzZE9M0,"openingsCatala","Sylvan","SX3",,none,true,,,2001,2016,2015,,none,none
2sU1Hud61BjMv9HUznxq6J,"openingsCatala","Ranma 1/2","SX3",,none,false,,,2002,2002,2015,2002,high,vote:it+dz
72ddS1LACZR3aGpZ0wI0jo,"openingsCatala","Mazinger Z (Majingaa Zetto)","SX3",,none,true,,,2002,2002,2015,2002,high,vote:it+dz
7JX9kMnP6WHQSNwkKLsPG9,"openingsCatala","Cowboy Bebop (Tank)","SX3",,none,true,,,2002,2002,2015,2002,high,vote:it+dz
7lvmyfs20BihX8SBKOV6op,"openingsCatala","Sailor Moon","SX3",,none,true,,,2001,2001,2015,2001,high,vote:it+dz
6UgBwYRfkuwn55GIPa75Wg,"openingsCatala","Azuki","SX3",,none,true,,,2001,,,,none,none
2PGa4EqzuBRzooBDh76Avz,"openingsCatala","Els Barrufets","Poti Poti",,none,true,,,2000,2008,1998,,none,none
1TJOaChKJQRwcTHZgGlV44,"openingsCatala","Sakura","SX3",,none,true,,,2001,,,,none,none
5Ithzwf0peu4zy50WYYZgQ,"openingsCatala","Garfield","SX3, Manolita Domínguez, Jordi Vila",,none,true,,,2001,2001,2015,2001,high,vote:it+dz
5xMWYIA7LeqsS7w81Z82fJ,"openingsCatala","La Bruixa Avorrida","SX3",,none,false,,,1997,2001,2015,,none,none
5F6oWBb1jUgJLLXtqaZqyN,"openingsCatala","Les Bessones a St. Claire's","SX3",,none,true,,,2001,2001,2015,2001,high,vote:it+dz
7FawGz4GRofFTiBLlLyxqS,"openingsCatala","Soc el Rovelló","SX3",,none,true,,,2001,2001,2009,2001,high,vote:it+dz
61h792MITkRTkkTwH3KtzE,"openingsCatala","Sóc Així","SX3, Lila",,none,true,,,,2016,2016,2016,low,deezer+isrc
3GShHL1XgPio2EkEEz6eTc,"openingsCatala","Musculman","SX3",,none,true,,,1994,2002,2015,,none,none
4IsxakxIoeq4VHbC1Bniek,"openingsCatala","Lucky Luke","SX3",,none,true,,,1994,1994,2015,1994,high,vote:it+dz
2DyNaajKCcLJgbEDE21Q1y,"openingsCatala","Shin Chan (Ora Wa Ninkimono)","SX3",,none,true,,,2002,2002,2015,2002,high,vote:it+dz
4mk10HM89OFuir4URs9dOa,"openingsCatala","DR. Slump (Wai Wai World)","SX3",,none,true,,,2002,2002,2015,2002,high,vote:it+dz
2OMD5oYFbX4btxwmtnXoGQ,"openingsCatala","Super Fashion","Macedònia",2003,high,false,,,2003,2008,2008,2003,high,vote:mb+it
5wrTNqNtYqGYESXx9VLxcL,"openingsCatala","Bola De Drac (Makafushigi Adventure)","SX3",,none,true,,,2002,2002,2015,2002,high,vote:it+dz
2veFmhamFJGHhcTcVDknXc,"openingsCatala","Bola de Drac Z (Cha La Head Chala)","SX3",,none,true,,,2002,2002,2015,2002,high,vote:it+dz
7skOqXrRQfbR6fp4foc0QP,"openingsCatala","Les Tres Bessones","SX3",,none,true,,,1997,1997,2015,1997,high,vote:it+dz
6m5N3X4xMbTOC2rh9aTuNY,"openingsCatala","Dr. Slump","Xispes",,none,false,,,2006,,,,none,none
59cR3FClp2PlkHV5511R7x,"vivaLatino","After (feat. Young Miko)","Conep, Young Miko",2026,high,false,,,2026,2026,2018,2026,high,vote:mb+it+dz
5bZBRfGoUy5rizZGyjj6NR,"vivaLatino","COMPA COLETO (uy_como)","ARIA VEGA",,none,true,,,2026,2026,2026,2026,high,vote:it+dz+isrc
5B579RUazOpBcuxjTZWnMs,"vivaLatino","Te Estoy Correteando","LATIN MAFIA, Fred again..",2026,low,false,,,2026,2026,2026,2026,high,vote:mb+it+dz+isrc
37wfBdDJidbipEG2fEwkWX,"vivaLatino","RIKI","Neton Vega",2026,high,false,,,2026,2026,2026,2026,high,vote:mb+it+dz+isrc
6cWxlpfHEcNXojMyCKcIpx,"vivaLatino","MATADORA","KAROL G",2026,high,false,,,,2026,2026,2026,high,vote:mb+dz+isrc
6756nr1dYiw5aNLSgIHNOI,"vivaLatino","OLIVIA LA FLAKA","Natanael Cano, Tito Double P, Victor Mendivil, Ovi",,none,true,,,,2026,2026,2026,low,deezer+isrc
0e3T2reBHLVK9ENgEg0WmH,"vivaLatino","Dandy Hats","El Rabbanito",,none,true,,,2026,2026,2026,2026,high,vote:it+dz+isrc
6hpuesKPNa3WhV48O7Fa47,"vivaLatino","SUPERESTRELLA","Aitana",2025,high,false,,,,2025,2025,2025,high,vote:mb+dz+isrc
6DoUDG1GJrJf6eGQLUBBnm,"vivaLatino","Ahí","KAROL G, Drake",2026,high,false,,,2026,2026,2026,2026,high,vote:mb+it+dz+isrc
7GtO6G2Iue3yfIYhx36JZn,"vivaLatino","Macacoa 2000 (from GTAVI: The Album)","Rauw Alejandro, Grand Theft Auto VI",,none,true,2026,extended-clean,,2026,2026,2026,high,vote:mb+dz+isrc
7cIyY45Uw7NIWkVt3QkbsH,"vivaLatino","La Monda","De La Rose, Ryan Castro",2026,low,false,,,,2026,2026,2026,high,vote:mb+dz+isrc
2dd3G3ZqEcG2cNS1tp3oEk,"vivaLatino","capaz (merengueton)","Alleh, Yorghaki",2024,high,false,,,2024,2024,2017,2024,high,vote:mb+it+dz
6eLQXa6uk2EW8drsiKbABZ,"vivaLatino","TU SANCHO","Fuerza Regida",2025,high,false,,,,2025,2025,2025,high,vote:mb+dz+isrc
3bC3bDsOujnr3WoCJdzH46,"vivaLatino","El Árbol","Camilo",2026,high,false,,,2026,2026,2026,2026,high,vote:mb+it+dz+isrc
1C7NXX8UJ6pgNx8EkmyZDd,"vivaLatino","si te pillara","Beéle",2025,high,false,,,2025,2025,2025,2025,high,vote:mb+it+dz+isrc
1SibbsD9N244CWhIL9FzjN,"vivaLatino","PARADIXE","Feid, El Americano 4KT, Pirlo",2026,high,false,,,2026,2026,2026,2026,high,vote:mb+it+dz+isrc
47ovAtI7DPTKTPbyRsqHmc,"vivaLatino","King of Watches","Omar Camacho",,none,true,,,,2026,2026,2026,low,deezer+isrc
3CBEVPwR3kUXDoTx1lqFUQ,"vivaLatino","CHÉVERE (premium_remix)","ARIA VEGA, Ryan Castro",2026,low,false,,,2026,2026,2026,2026,high,vote:mb+it+dz+isrc
67kmVaXtdmcy856hKjHb3y,"vivaLatino","YAPAQUE","Farruko, Greeicy, Steve Aoki",2026,high,false,,,2026,2026,2026,2026,high,vote:mb+it+dz+isrc
23SET9hn8zMfkhH43SqNCE,"vivaLatino","Mar Azul","Natanael Cano",,none,false,,,2026,2026,2026,2026,high,vote:it+dz+isrc
06cC0Txd5AoUEX2otETGcs,"vivaLatino","Mentira","Ryan Castro, Feid, SOG",2026,high,false,,,,2026,2026,2026,high,vote:mb+dz+isrc
2FkhJgD9FUnaoAxbWv6cyy,"vivaLatino","Hombre De Bien","Nsqk",,none,true,,,2026,2026,2026,2026,high,vote:it+dz+isrc
0kosUz0jePvjiz4ctmR6wL,"vivaLatino","Dai Dai","Shakira, Burna Boy",2026,low,false,,,2026,2026,2026,2026,high,vote:mb+it+dz+isrc
136BeIIoBGrrU9fI1jbcDR,"vivaLatino","daño","Peso Pluma, Tito Double P",2025,high,false,,,,2025,2025,2025,high,vote:mb+dz+isrc
3vohqCtAozZw4ifTAtwbxu,"vivaLatino","PONGO","Rvssian, Rauw Alejandro, Wizkid",2026,high,false,,,2025,2026,2026,2026,high,vote:mb+dz+isrc
4KYEVjuYfB2qaA5paEB4kn,"vivaLatino","Estoy Pa' Ti","Brytiago",2026,high,false,,,,2026,2026,2026,high,vote:mb+dz+isrc
5E6Mn8HCO1izFhRm2PFxNq,"vivaLatino","GAMINA","Kris R., Los Money Makers",2026,high,false,,,,2026,2026,2026,high,vote:mb+dz+isrc
7aHTMrcc8lme8FFkSwlL3b,"vivaLatino","Malas Mañas","Kenia Os, Xavi",2026,high,false,,,2026,2026,2026,2026,high,vote:mb+it+dz+isrc
6iOndD4OFo7GkaDypWQIou,"vivaLatino","La Plena - W Sound 05","W Sound, Beéle, Ovy On The Drums",,none,true,2025,drop-all-tails,,2025,2025,2025,high,vote:mb+dz+isrc
0N6h5RnzCNJG3JfROXQIMQ,"vivaLatino","Perlas Negras","Natanael Cano, Gabito Ballesteros",2025,low,false,,,2025,2025,2025,2025,high,vote:mb+it+dz+isrc
6uiQ0DqbXTBc8tl0AUKZkR,"vivaLatino","TU VAS SIN (fav)","Rels B",2025,high,false,,,2025,2025,2025,2025,high,vote:mb+it+dz+isrc
7dSCxR4LqkmxoBrq9MzVSD,"jitsterOfficial","Psycho Killer","Talking Heads",1977,high,false,,,1977,1977,1999,1977,high,vote:mb+it+dz
4xkOaSrkexMciUUogZKVTS,"jitsterOfficial","Till I Collapse","Eminem, Nate Dogg",2002,high,false,,,2002,2007,2002,2002,high,vote:mb+it+isrc
1v7L65Lzy0j0vdpRjJewt1,"jitsterOfficial","Lose Yourself","Eminem",2002,high,false,,,2002,2005,2002,2002,high,vote:mb+it+isrc
2epbL7s3RFV81K5UhTgZje,"jitsterOfficial","Lemon Tree","Fools Garden",2009,high,false,,,1995,2021,2009,2009,high,vote:mb+isrc
1mea3bSkSGXuIRvnydlB5b,"jitsterOfficial","Viva La Vida","Coldplay",2008,high,false,,,2008,2008,2008,2008,high,vote:mb+it+dz+isrc
4euAGZTszWPrriggYK0HG9,"jitsterOfficial","Lay All Your Love On Me","ABBA",1977,high,false,,,1980,2011,1980,1980,high,vote:it+isrc
7dITAq1YP5e0kTcaDq4YWI,"jitsterOfficial","Limón y Sal","Julieta Venegas",2006,high,false,,,2006,2006,2006,2006,high,vote:mb+it+dz+isrc
0ZwG6ttqzRJpThmgW6IDCZ,"jitsterOfficial","Abracadabra","Alaska",1996,high,false,,,1985,1985,2017,1985,high,vote:it+dz
6D2TCm4nf5nxAcdGJ7w3QP,"jitsterOfficial","Qué Más Pues?","J Balvin, Maria Becerra",2021,low,false,,,2021,2021,2021,2021,high,vote:mb+it+dz+isrc
3cfOd4CMv2snFaKAnMdnvK,"jitsterOfficial","All Star","Smash Mouth",1997,high,false,,,1999,2005,1999,1999,high,vote:it+isrc
5Ih9gbqyxCzTJ43nuSuKnC,"jitsterOfficial","Dream On","Aerosmith",1973,high,false,,,1973,2023,2000,1973,high,vote:mb+it
7Ie9W94M7OjPoZVV216Xus,"jitsterOfficial","Not Afraid","Eminem",2010,high,false,,,2010,2010,2010,2010,high,vote:mb+it+dz+isrc
0G21yYKMZoHa30cYVi1iA8,"jitsterOfficial","Welcome To The Jungle","Guns N' Roses",1987,high,false,,,1987,2018,1987,1987,high,vote:mb+it+isrc
2nLtzopw4rPReszdYBJU6h,"jitsterOfficial","Numb","Linkin Park",2003,high,false,,,2003,2003,2003,2003,high,vote:mb+it+dz+isrc
7KwZNVEaqikRSBSpyhXK2j,"jitsterOfficial","Hypnotize - 2014 Remaster","The Notorious B.I.G.",1997,high,false,,,,2007,2007,1997,high,mb-alone
4kLLWz7srcuLKA7Et40PQR,"jitsterOfficial","I Gotta Feeling","Black Eyed Peas",2009,high,false,,,2009,2009,2009,2009,high,vote:mb+it+dz+isrc
0SiywuOBRcynK0uKGWdCnn,"jitsterOfficial","Bad Romance","Lady Gaga",2008,high,false,,,2009,2009,2009,2009,high,vote:it+dz+isrc
3BovdzfaX4jb5KFQwoPfAw,"jitsterOfficial","Beat It","Michael Jackson",1982,high,false,,,1982,2009,1999,1982,high,vote:mb+it
5TbzAWWc5eJaANpA9kfGCd,"jitsterOfficial","Love Me Again","John Newman",2013,high,false,,,2013,2013,2013,2013,high,vote:mb+it+dz+isrc
1JSTJqkT5qHq8MDJnJbRE1,"jitsterOfficial","Every Breath You Take","The Police",1983,high,false,,,1983,2002,1983,1983,high,vote:mb+it+isrc
0GjEhVFGZW8afUYGChu3Rr,"jitsterOfficial","Dancing Queen","ABBA",1976,high,false,,,1976,2008,1976,1976,high,vote:mb+it+isrc
2Foc5Q5nqNiosCNqttzHof,"jitsterOfficial","Get Lucky (Radio Edit) [feat. Pharrell Williams and Nile Rodgers]","Daft Punk, Pharrell Williams, Nile Rodgers",2021,low,false,,,2013,2013,2013,2013,high,vote:it+dz+isrc
2uXlHCUbq9OMUwx3hrk06o,"jitsterOfficial","Riptide","Vance Joy",2013,high,false,,,2013,2014,2013,2013,high,vote:mb+it+isrc
5FVd6KXrgO9B3JPmC8OPst,"jitsterOfficial","Do I Wanna Know?","Arctic Monkeys",2013,high,false,,,2013,2013,2013,2013,high,vote:mb+it+dz+isrc
1JO1xLtVc8mWhIoE3YaCL0,"jitsterOfficial","Happy Together","The Turtles",1966,high,false,,,1967,1967,2005,1967,high,vote:it+dz
1NCuYqMc8hKMb4cpNTcJbD,"jitsterOfficial","Another Day in Paradise - 2016 Remaster","Phil Collins",1989,high,false,,,1989,1989,2016,1989,high,vote:mb+it+dz
4jbmgIyjGoXjY01XxatOx6,"jitsterOfficial","Dark Horse","Katy Perry, Juicy J",2016,high,false,,,2013,2013,2013,2013,high,vote:it+dz+isrc
40gk32E7YaTFoQwDIWv2SY,"jitsterOfficial","Christmas Kids","Roar",2010,high,false,,,,2010,2010,2010,high,vote:mb+dz+isrc
1CLmFKW99S8eJrebO3GB04,"jitsterOfficial","No Woman","Whitney",2016,high,false,,,2016,2016,2016,2016,high,vote:mb+it+dz+isrc
2AYEOC02WLhUiOoaig2SEH,"jitsterOfficial","Out of My League","Fitz and The Tantrums",2013,high,false,,,2013,2013,2013,2013,high,vote:mb+it+dz+isrc
4CnZmhddDTrxAmcokJ7HlH,"jitsterOfficial","The Escapist","The Streets",2008,high,false,,,2008,2002,2008,2008,high,vote:mb+it+isrc
5YT9FRK5SxAQhNHEVUwpSB,"jitsterOfficial","On the Flip of a Coin","The Streets",2008,high,false,,,2008,,,2008,high,vote:mb+it
2LKOHdMsL0K9KwcPRlJK2v,"jitsterOfficial","After Dark","Mr.Kitty",2014,high,false,,,2014,2014,2016,2014,high,vote:mb+it+dz
1qDrWA6lyx8cLECdZE7TV7,"jitsterOfficial","Somebody That I Used To Know","Gotye, Kimbra",2012,low,false,,,2011,2011,2011,2011,high,vote:it+dz+isrc
0U87auHx1iZTEFcq9KVdmO,"jitsterOfficial","Boulevard of Broken Dreams","Green Day",2004,high,false,,,,2009,2004,2004,high,vote:mb+isrc
4EchqUKQ3qAQuRNKmeIpnf,"jitsterOfficial","The Kids Aren't Alright","The Offspring",1998,high,false,,,1998,2016,1998,1998,high,vote:mb+it+isrc
3dxiWIBVJRlqh9xk144rf4,"jitsterOfficial","Breaking the Habit","Linkin Park",2003,high,false,,,2003,2003,2003,2003,high,vote:mb+it+dz+isrc
2tpWsVSb9UEmDRxAl1zhX1,"jitsterOfficial","Counting Stars","OneRepublic",2013,high,false,,,2013,2014,2013,2013,high,vote:mb+it+isrc
04aAxqtGp5pv12UXAg4pkq,"jitsterOfficial","Centuries","Fall Out Boy",2015,high,false,,,2014,2015,2014,2014,high,vote:it+isrc
7LRMbd3LEoV5wZJvXT1Lwb,"jitsterOfficial","T.N.T.","AC/DC",1975,high,false,,,1975,1976,1976,1975,high,vote:mb+it
69QHm3pustz01CJRwdo20z,"jitsterOfficial","Hells Bells","AC/DC",1980,high,false,,,1980,1980,1980,1980,high,vote:mb+it+dz+isrc
1DIXPcTDzTj8ZMHt3PDt8p,"jitsterOfficial","Gangsta's Paradise","Coolio, L.V.",1995,high,false,,,1995,1995,2004,1995,high,vote:mb+it+dz
3yfqSUWxFvZELEM4PmlwIR,"jitsterOfficial","The Real Slim Shady","Eminem",1999,high,false,,,2000,2005,2000,2000,high,vote:it+isrc
3gVhsZtseYtY1fMuyYq06F,"jitsterOfficial","Sonne","Rammstein",2001,high,false,,,2001,2010,2000,2001,high,vote:mb+it
6XcoiOYiNbIxzpt8WRxq8Z,"jitsterOfficial","Du hast","Rammstein",1997,high,false,,,1997,2018,1997,1997,high,vote:mb+it+isrc
6q3zC9dDD4lUNk8nfUztXy,"jitsterOfficial","Apologize","Timbaland, OneRepublic",2007,high,false,,,2006,2019,2007,2007,high,vote:mb+isrc
1QV6tiMFM6fSOKOGLMHYYg,"jitsterOfficial","Poker Face","Lady Gaga",2008,high,false,,,,2008,2008,2008,high,vote:mb+dz+isrc
22skzmqfdWrjJylampe0kt,"jitsterOfficial","Can't Hold Us (feat. Ray Dalton)","Macklemore, Ryan Lewis, Macklemore & Ryan Lewis, Ray Dalton",2011,high,false,,,2011,2012,2012,2011,high,vote:mb+it
2UREu1Y8CO4jXkbvqAtP7g,"jitsterOfficial","Monster","Skillet",2009,high,false,,,2009,2009,2009,2009,high,vote:mb+it+dz+isrc
4QNpBfC0zvjKqPJcyqBy9W,"jitsterOfficial","Give Me Everything (feat. Nayer)","Pitbull, AFROJACK, Ne-Yo, Nayer",2011,low,false,,,2011,2011,2011,2011,high,vote:mb+it+dz+isrc
62zFEHfAYl5kdHYOivj4BC,"jitsterOfficial","International Love (feat. Chris Brown)","Pitbull, Chris Brown",2012,low,false,,,2011,2011,2011,2011,high,vote:it+dz+isrc
0HPD5WQqrq7wPWR7P7Dw1i,"jitsterOfficial","TiK ToK","Kesha",2010,low,false,,,2009,2009,2009,2009,high,vote:it+dz+isrc
5u5F7qLDvZjBSktaDp4HxB,"jitsterOfficial","Moneytalks","AC/DC",1990,high,false,,,1990,1990,1990,1990,high,vote:mb+it+dz+isrc
0COqiPhxzoWICwFCS4eZcp,"jitsterOfficial","Bring Me To Life","Evanescence",2003,high,false,,,2003,2023,2002,2003,high,vote:mb+it
0v1XpBHnsbkCn7iJ9Ucr1l,"jitsterOfficial","It's My Life","Bon Jovi",2000,high,false,,,2000,2018,2000,2000,high,vote:mb+it+isrc
6eN1f9KNmiWEhpE2RhQqB5,"jitsterOfficial","Paradise City","Guns N' Roses",1987,high,false,,,1987,2018,1987,1987,high,vote:mb+it+isrc
4hemrMHH7J0ZeCMWKcKMP4,"jitsterOfficial","The Bard's Song (In the Forest)","Blind Guardian",2003,high,false,,,2012,2024,2024,2003,high,mb-alone
0ee1DiZF94NSqqpG0XHUzH,"jitsterOfficial","Livin' On A Prayer","Bon Jovi",1986,high,false,,,1986,2018,1986,1986,high,vote:mb+it+isrc
3gjHnylel3PTRpjS44ocqr,"jitsterOfficial","Zombie - 2025 Remastered","The Cranberries",1993,high,false,,,1994,2007,1994,1994,high,vote:it+isrc
07l6JFwSC4I9ZRVQBDfQY9,"jitsterOfficial","Molina","Creedence Clearwater Revival",1970,high,false,,,1970,2011,1970,1970,high,vote:mb+it+isrc
6HPL4ntDOnsdc1jtnX8XMJ,"jitsterOfficial","Fortunate Son","Creedence Clearwater Revival",1969,high,false,,,1968,2009,1969,1969,high,vote:mb+isrc
4FzVgf3e1KGwRbFRWPI05W,"jitsterOfficial","Layla","Derek & The Dominos",2010,low,false,,,1970,1994,1970,1970,high,vote:it+isrc
66xHyI6ITToQPm7PdOzIyn,"jitsterOfficial","Get Lucky (feat. Pharrell Williams and Nile Rodgers)","Daft Punk, Pharrell Williams, Nile Rodgers",2021,low,false,,,2013,2013,2013,2013,high,vote:it+dz+isrc
37Tmv4NnfQeb0ZgUC4fOJj,"jitsterOfficial","Sultans Of Swing","Dire Straits",1978,high,false,,,1978,1983,1996,1978,high,vote:mb+it
6DmfWj5kOa1fX8AwN9byOn,"jitsterOfficial","L.A. Woman","The Doors",1971,high,false,,,1971,1971,1999,1971,high,vote:mb+it+dz
4J7CKHCF3mdL4diUsmW8lq,"jitsterOfficial","Under Control (feat. Hurts)","Calvin Harris, Alesso, Hurts",2014,low,false,,,2013,2013,2013,2013,high,vote:it+dz+isrc
0vTEksNDRuJxDMLOOgn0fA,"jitsterOfficial","The Call of the Mountains","Eluveitie",2014,high,false,,,2014,2019,2014,2014,high,vote:mb+it+isrc
0b3Bkp0UfCkNqquAUmoP5m,"jitsterOfficial","LA GRACIOSA","Quevedo, Elvis Crespo",2026,high,false,,,2026,2026,2026,2026,high,vote:mb+it+dz+isrc
6J5kc12BW5HuP3d7C3vvx8,"jitsterOfficial","EoO","Bad Bunny",2025,high,false,,,,2025,2024,2025,high,vote:mb+dz
3PbJjso7KugjaEA8nkUPfk,"jitsterOfficial","I Shot The Sheriff","Eric Clapton",1974,high,false,,,1974,1996,1974,1974,high,vote:mb+it+isrc
6f3Slt0GbA2bPZlz0aIFXN,"jitsterOfficial","The Business","Tiësto",2020,high,false,,,2020,2020,2020,2020,high,vote:mb+it+dz+isrc
5w9c2J52mkdntKOmRLeM2m,"jitsterOfficial","Con Calma","Daddy Yankee, Snow",2018,high,false,,,2018,2019,2019,2018,high,vote:mb+it
2AMysGXOe0zzZJMtH3Nizb,"jitsterOfficial","Formidable","Stromae",2013,high,false,,,,2013,2013,2013,high,vote:mb+dz+isrc
7fLzbEOBOae9lUnOwr7Tse,"jitsterOfficial","Memories (feat. Kid Cudi)","David Guetta, Kid Cudi",2009,high,false,,,2009,2010,2009,2009,high,vote:mb+it+isrc
1sXdW94CrEIrYdbfON4Sxt,"jitsterOfficial","Amaranth","Nightwish",2007,high,false,,,2007,2007,2007,2007,high,vote:mb+it+dz+isrc
6hf0RpxTbOprT5nnwzkk8e,"jitsterOfficial","Qué Más Pues?","J Balvin, Maria Becerra",2021,low,false,,,2021,2021,2021,2021,high,vote:mb+it+dz+isrc
4nvYDy427VvA1TcEkdgZII,"jitsterOfficial","Hellraiser","Ozzy Osbourne",1991,high,false,,,1991,2021,1991,1991,high,vote:mb+it+isrc
5V02xs2x8SvZKmg3WygwiZ,"jitsterOfficial","Hola Señorita","GIMS, Maluma",2018,high,false,,,2019,2019,2019,2019,high,vote:it+dz+isrc
3bWAqKDWg6u1davspr5IkS,"jitsterOfficial","OK","Robin Schulz, James Blunt",2017,low,false,,,2017,2017,2017,2017,high,vote:mb+it+dz+isrc
4L9UGREMQBfYLmGwlACgTV,"jitsterOfficial","Moskau","Rammstein",2004,high,false,,,2004,2010,2004,2004,high,vote:mb+it+isrc
5vZ4IeUenK2cHub2d7yfWk,"jitsterOfficial","Radio","Rammstein",2019,high,false,,,2019,2019,2019,2019,high,vote:mb+it+dz+isrc
2aibwv5hGXSgw7Yru8IYTO,"jitsterOfficial","Snow (Hey Oh)","Red Hot Chili Peppers",2006,high,false,,,2006,2006,2006,2006,high,vote:mb+it+dz+isrc
4e9eGQYsOiBcftrWXwsVco,"jitsterOfficial","Aerials","System Of A Down",2001,high,false,,,2001,2001,2001,2001,high,vote:mb+it+dz+isrc
70YvYr2hGlS01bKRIho1HM,"jitsterOfficial","La Grange - 2005 Remaster","ZZ Top",1973,high,false,,,1973,2019,2019,1973,high,vote:mb+it
0OBwxFLu6Yj61s2OagYbgY,"jitsterOfficial","Gimme All Your Lovin'","ZZ Top",1983,high,false,,,1983,2026,2007,1983,high,vote:mb+it
0srufTOzWP6tzBsZn05Sww,"jitsterOfficial","Vis a Vis","Leiva",2012,high,false,,,2012,2012,2011,2012,high,vote:mb+it+dz
4QlzkaRHtU8gAdwqjWmO8n,"jitsterOfficial","Friday I'm In Love","The Cure",1992,high,false,,,1984,1992,1992,1992,high,vote:mb+dz+isrc
0AQHfKjzky28rf5ytfBANJ,"jitsterOfficial","High","Lighthouse Family",1997,high,false,,,1997,2006,1997,1997,high,vote:mb+it+isrc
6Qyc6fS4DsZjB2mRW9DsQs,"jitsterOfficial","Iris","The Goo Goo Dolls",2017,low,false,,,1998,2008,1998,1998,high,vote:it+isrc
3tSuRiNgJmMqmYR23dCqnR,"jitsterOfficial","I Hate This Part","The Pussycat Dolls",2008,high,false,,,2008,2019,2008,2008,high,vote:mb+it+isrc
4rQu72zFJz3qne1bnEkVSt,"jitsterOfficial","Todo Contigo","Álvaro De Luna",,none,true,,,2023,2023,2023,2023,high,vote:it+dz+isrc
40tFJtuES1da2fg0OurUdI,"jitsterOfficial","Eso Que Tú Me Das","Jarabe De Palo",2020,high,false,,,2020,2020,2020,2020,high,vote:mb+it+dz+isrc
