spotify_id,playlists,title,artist,label_year,label_kind,mb_year,mb_confidence,mb_zero_pool,itunes_year,deezer_year,deezer_isrc_year,discogs_year,rule12_year,rule12_outcome,rule12_step
7Es2gcDpA0ma6zEqgP6Wuc,mejoresBso,"Love Theme From ""The Godfather""",Nino Rota,1972,original,1972,high,false,1972,2010,1972,1972,1972,confirmed,mb
5riV69WNUMgUy4FpNZtg3j,mejoresBso,Theme From Mortal Kombat,Soundtrack & Theme Orchestra,1995,cover,,none,true,,,,,,none,
4AD2dterIUjNt1LFNI9Bvi,mejoresBso,He's a Pirate,Klaus Badelt,2003,original,2003,high,false,2003,2006,2003,2003,2003,confirmed,mb
6r6wolzRxCSNuY7arMNwMe,mejoresBso,The Black Pearl,Klaus Badelt,2003,original,2003,high,false,2003,2006,2003,2003,2003,confirmed,mb
5kLyI4AwUQo6esBtzyDMhs,mejoresBso,Shrek: All Star,Animation Soundtrack Ensemble,2001,cover,,none,false,,,,,,none,
571HXOyjpcQzZz9Edv2Jdx,mejoresBso,Funkytown - Single Version,Lipps Inc.,1979,predates,1979,high,false,1979,2007,1979,1979,1979,confirmed,mb
2FK7fxjzQEXD7Z32HSF0Hl,mejoresBso,"Men In Black - From ""Men In Black"" Soundtrack",Will Smith,1997,original,1997,high,false,1988,2002,1997,1997,1997,confirmed,mb
3DzMT13HJV7EsbVbNZZJZQ,mejoresBso,Theme From Schindler's List,"John Williams, Itzhak Perlman, Boston Symphony Orchestra",1993,original,2026,high,false,1993,2007,1993,1993,1993,confirmed,it
2X9nfskybwid918SiGBZMu,mejoresBso+disneyTop100,El Ciclo de la Vida,Tata Vega,1994,dub,1994,high,false,2003,2015,2005,,1994,unconfirmed,mb
6Rce6eVToKdNTRWsQN6Zpi,mejoresBso,A Whole New World (Aladdin's Theme),"Peabo Bryson, Regina Belle",1992,original,2014,low,false,1992,1997,2005,1992,1992,confirmed,dg
2IhMzylsngYsp9p1ZeeFjR,mejoresBso+disneyTop100,Eres t£ el Pr¡ncipe Azul,Chorus - Sleeping Beauty,1959,dub,,none,true,,,,,,none,
0oA4GV2sMiH5G6AsepgdzF,mejoresBso,As Time Goes By - from 'Casablanca',Dooley Wilson,1942,original,1997,high,false,1942,,,1946,1997,unconfirmed,mb
1jNQ6e4Mze7QA3hPWbTv3B,mejoresBso,Over The Rainbow - LP Soundtrack Version from Wizard Of Oz,Judy Garland,1939,original,,none,true,,,,,,none,
0B6wVm5VS2zrg6Gk9DuH5S,mejoresBso,Singin' In The Rain,Gene Kelly,1952,original,1952,high,false,1952,1952,2021,1952,1952,confirmed,mb
1INmmzxG8OI3RzI1ezvzlk,mejoresBso,Main Title (Terminator 2 Theme),Brad Fiedel,1991,original,1991,high,false,1991,2017,1991,1991,1991,confirmed,mb
2KH16WveTQWT6KOG9Rg6e2,mejoresBso,Eye of the Tiger,Survivor,1982,original,1982,high,false,1982,2006,1996,1981,1982,confirmed,it
2QoAsBYPMO1rbgtRgXIS62,mejoresBso,I Don't Want To Miss A Thing,Aerosmith,1998,original,1997,high,false,1998,1998,1998,1998,1998,confirmed,it
2DGXmZPZ07HnWkFj3AayR0,mejoresBso,"Oh, Pretty Woman",Roy Orbison,1964,predates,1964,high,false,1964,2013,1964,1964,1964,confirmed,mb
3FBgNT3PC3R8q3lBnAQWvh,mejoresBso,Iko Iko,The Belle Stars,1982,predates,1982,high,false,1981,2019,1982,1982,1982,confirmed,mb
5DyCllSNq5AYDE7o7BKQrL,mejoresBso,"Star Wars, Episode V, ""the Empire Strikes Back"" (Arr. J. Whitney)","Susan Joseph, Vogtland Philharmonic Orchestra Greiz-Reichenbach, Stefan Fraas",1980,cover,,none,true,2008,,,,2008,unconfirmed,it
4Pthfbs6lQNEUx1MmQMyax,mejoresBso,Car Wash (Shark Tale Mix),"Christina Aguilera, Missy Elliott",2004,original,2004,low,false,2004,,,2004,2004,confirmed,it
5sgRJe0Z1ol9wvSSsXcGaf,mejoresBso,La Vida Es Bella - La Vida Es Bella,The Oscar Hollywood Films,1997,cover,,none,false,,2009,2009,,2009,unconfirmed,dz
4XvIjwjPtRlrsTbrlHFj0W,mejoresBso,You Sexy Thing - Full Monty,The Oscar Hollywood Films,1997,cover,,none,true,,,,,,none,
1mie3LbIrkousFz6jwbsaZ,mejoresBso,Fame,The Alan Peters Orchestra And Chorus,1980,cover,,none,true,1990,2012,2008,,1990,unconfirmed,it
1UmIWsuzcitp1VhsEKviJZ,mejoresBso,"Your Song - From ""Moulin Rouge"" Soundtrack","Ewan McGregor, Alessandro Safina",2001,original,,none,false,2001,2001,2001,2001,2001,confirmed,it
2ACjOtICHXrAlP3ijVMSvb,mejoresBso,Unchained Melody,The Righteous Brothers,1965,predates,1965,high,false,1955,1990,1965,1965,1965,confirmed,mb
2Rddbad3XaTds95LY8iidH,mejoresBso,What's This?,Danny Elfman,1993,original,1993,high,false,1993,2006,2002,1993,1993,confirmed,it
4T0M3ao3PfYRkIolo5wpLK,mejoresBso,Introduction (Titles),Danny Elfman,1990,original,1990,high,false,1990,1990,1990,1990,1990,confirmed,mb
11liAe3FvMGspJ9x3a1xw4,mejoresBso,Alice's Theme,Danny Elfman,2010,original,2010,high,false,2010,2010,2010,2010,2010,confirmed,mb
4lDzj3F5Ly9tvWNcPEYwfO,mejoresBso,Wonka's Welcome Song,Danny Elfman,2005,original,2005,high,false,2005,2005,2005,2005,2005,confirmed,mb
6PzHOn4LPd44RUCUShf4rl,mejoresBso,Main Title Theme,Danny Elfman,,original,1990,high,false,,,,2025,1990,unconfirmed,mb
50csT5Qb2qOF7lHdDQ1Sbx,mejoresBso,The Batman Theme,Danny Elfman,1989,original,1989,high,false,,1989,2000,1989,1989,confirmed,mb
5gM30RRo0fnwLMHUG77FRw,mejoresBso,La Historia Interminable-Neverending Story,The 80's Group,1984,cover,,none,true,,,,,,none,
5UqqOfFa9DYXALpCCF8VwB,mejoresBso,(I've Had) The Time of My Life,"Bill Medley, Jennifer Warnes",1987,original,2024,low,false,1987,2009,2003,1987,1987,confirmed,dg
0CRmi4W6Z2tvrRg3lckcDx,mejoresBso,Moon River,Henry Mancini,1961,original,1961,high,false,1961,2009,1989,1958,1961,confirmed,it
5NoUgO4Kr93QymQGQlBC7b,mejoresBso,Up Where We Belong,"Joe Cocker, Jennifer Warnes",1982,original,1997,low,false,1982,2003,1982,1982,1982,confirmed,it
1ghqlcFUP85h1Gxn4Oa2Kt,mejoresBso,"The John Dunbar Theme (From ""Dance with Wolves"" Soundtrack)","John Barry, Royal Philharmonic Orchestra",1990,original,1990,high,false,1990,1990,1990,1990,1990,confirmed,mb
6JvOJlDbSQkDXv4ZfDGee5,mejoresBso,Pink Panther Theme,Henry Mancini,1963,original,1963,high,false,2006,2006,2007,,2006,confirmed,it
1AAEWUVZpew24mP6nC1IU5,mejoresBso,"Take My Breath Away - Love Theme from ""Top Gun""",Berlin,1986,original,,none,false,1986,1999,1998,1986,1986,confirmed,dg
7lOjYEj3Ga1TNwv8f49U0g,mejoresBso,"Out Of Reach - From ""Bridget Jones's Diary""",GABRIELLE,2001,original,1999,high,false,1999,2013,2001,2001,1999,confirmed,it
2o660Ri2wTg7Rv6cKbFBCe,mejoresBso,"Star Wars, Episode IV ""A New Hope"": Main Theme","John Williams, Skywalker Symphony Orchestra",1977,cover,,none,true,,2001,1990,,,none,
5cP52DlDN9yryuZVQDg3iq,mejoresBso,Stayin' Alive - 2007 Remastered Version Saturday Night Fever,Bee Gees,1977,original,,none,true,,,,,,none,
1vyI6X2Id2CarE73XOLGxM,mejoresBso,Flashdance...What a Feeling - Re-Recorded,Irene Cara,1983,cover,,none,true,1990,2008,2008,,1990,unconfirmed,it
2nEBvqGxGg7Pw0Tq1A45hq,mejoresBso,Theme From 2001: A Space Odyssey,Movie Sounds Unlimited,1968,cover,,none,true,,,,,,none,
4QhVPBR3c0c2lyHrTjJmLH,mejoresBso,"Mad World - From ""Donnie Darko""",Black Moon Lovers,2001,cover,,none,true,2008,,,,2008,unconfirmed,it
63y2aL2dT6zzw8FOSLaNrp,mejoresBso,This Is Halloween,The Citizens of Halloween,1993,original,1993,high,false,1993,2006,2004,,1993,confirmed,it
10CAnzn3J1p48qxqapDkUW,mejoresBso,Shrek 2: Accidentally In Love,Animation Soundtrack Ensemble,2004,cover,,none,true,,,,,,none,
1mI2M5XtSmGXKTLvL4mcnR,mejoresBso,Decode,Paramore,2008,original,2008,high,false,2008,2008,2008,2008,2008,confirmed,mb
78ZzF9pK3foniEnK64XzX5,mejoresBso,Wild Wild West - Album Version - No Intro,"Will Smith, Dru Hill, Kool Moe Dee",1999,original,,none,true,,2002,2002,,2002,unconfirmed,dz
3cGmUgp7hF5Eb8NyuEmtCA,mejoresBso,Overture/And All That Jazz,"Catherine Zeta-Jones, Renée Zellweger, Taye Diggs",2002,original,,none,true,2002,2002,2002,,2002,confirmed,it
4JLcAU2xY90qTkTSNM1lUa,mejoresBso,Bang Bang (My Baby Shot Me Down),Nancy Sinatra,1966,predates,1966,high,false,1966,2024,2005,1966,1966,confirmed,it
62HY7V5hRKtfIZ7uCYqYqu,mejoresBso,The Imperial March (Darth Vader's Theme),"John Williams, John Neal",1980,cover,2017,low,false,1980,,,1980,1980,confirmed,dg
3SZwCb3pLqVYNJAfh6yF3O,mejoresBso,The Adventures of Tintin,John Williams,2011,original,2011,high,false,2011,2011,2011,2011,2011,confirmed,mb
6CeCOC2zx1qS8mQNYHe6IM,mejoresBso,Prologue,John Williams,2001,original,2001,high,false,1992,2001,2001,1991,2001,confirmed,mb
1JR8SZWA4nAArY35aJlP5R,mejoresBso,"Flying Theme (From ""E. T."")","John Williams, Philharmonische Orchester des Staatstheaters Cottbus, Evan Alexis Christ",1982,cover,2026,high,false,1990,2014,1996,,2026,unconfirmed,mb
42lyCSXzWizBfGmqE1Silk,mejoresBso,"My Heart Will Go On - Love Theme from ""Titanic""","Céline Dion, James Horner",1997,original,,none,false,1997,2012,1997,1997,1997,confirmed,it
3fvEwzzkEGInkRDdREn9Pq,mejoresBso,Pumpkin And Honey Bunny/Misirlou,"Dick Dale & His Del-Tones, Tim Roth, Amanda Plummer",1994,original,,none,true,2002,,,,2002,unconfirmed,it
0ej0YkMM8E0WOWuWVZliDh,mejoresBso,Summer Nights,"John Travolta, Olivia Newton-John",1978,original,1978,high,false,1978,2019,1978,1978,1978,confirmed,mb
1pViOt8zA2rl2NfHeDGnyD,mejoresBso,You're The One That I Want,"John Travolta, Olivia Newton-John",1978,original,2021,low,false,1978,2019,1978,1978,1978,confirmed,it
3EqSxfk7OXM4NDjRPI56ZF,mejoresBso,Back To The Future - Back To The Future,"John Debney, Alan Silvestri, Royal Scottish National Orchestra",1985,cover,,none,false,1999,,,,1999,unconfirmed,it
16JSMFX2kF81sGHvHFfnkJ,mejoresBso,Spiderman (Theme),The Complete Movie Soundtrack Collection,,cover,,none,true,,2008,2008,,2008,unconfirmed,dz
3JVYESKsaiRaMH9XqB1YbM,mejoresBso,Up With End Credits,Michael Giacchino,2009,original,2008,high,false,2009,2009,2009,2009,2009,confirmed,it
5j4NNHnijhCMZroCLM1mxJ,mejoresBso,The Glory Days,Michael Giacchino,2004,original,2004,high,false,2004,2006,2004,2004,2004,confirmed,mb
0FI71NNImdJFmbQKVCiwwP,mejoresBso,You've Got a Friend in Me,Randy Newman,1995,original,1995,high,false,1995,2016,2013,1995,1995,confirmed,it
2o0Jh3A6hMdxkprxPB1FL5,mejoresBso,A Bug's Life Suite,Randy Newman,1998,original,1998,high,false,1998,2006,2003,1998,1998,confirmed,it
79yBnuf8K1wNL9X4Vo8oml,mejoresBso,"Monsters, Inc.",Randy Newman,2001,original,2001,high,false,2001,2006,2003,2001,2001,confirmed,it
1ijrMIqQvZNsnoqGukPzFD,mejoresBso,I'm Forrest... Forrest Gump,Alan Silvestri,1994,original,1994,high,false,1994,1994,1999,1994,1994,confirmed,mb
0r1fhSpQLnrZakU8WkBl9N,mejoresBso,Terminator - Main Title,Best Movie Soundtracks,1984,cover,,none,true,,,,,,none,
4eHbdreAnSOrDDsFfc4Fpm,mejoresBso,I Will Always Love You,Whitney Houston,1992,original,1992,high,false,1992,1992,1992,1992,1992,confirmed,mb
2dTcKJ8mb8IWTxzxIkjanO,mejoresBso,Pandora,James Horner,2009,original,2009,high,false,2009,2009,2010,2009,2009,confirmed,mb
31loMj4ZFxOedEd2bHHQjg,mejoresBso,Legends of the Fall,"James Horner, Vic Frasier, The London Studio Symphony Orchestra, Thomas Pasatieri, Don Davis, Jay Ungar, Kazu Matsui, Tony Hinnigan, Mike Taylor, Maggie Boyle",1994,original,1994,high,false,1995,1995,2000,1994,1995,confirmed,it
5SgO7ZvlJ9BOEVf9JV0H5G,mejoresBso,Main Title,James Horner,,original,1983,high,false,1995,1995,1995,,1995,confirmed,it
5PfyR0dRNoBEuSyrtG7lqD,mejoresBso,Indiana Jones & The Raiders Of The Lost Ark (Main Theme),South Pacific Symphony,1981,cover,,none,false,,,,,,none,
6pMP6bVBZGC1l6BIJoQt7D,mejoresBso,"The Good, the Bad and the Ugly",The Film Score Orchestra,1966,cover,,none,false,,,,,,none,
5hdTRgHLr6VaymMzxWllWY,mejoresBso,Beetlejuice: Main Theme,Various Artists,1988,cover,,none,true,,,,,,none,
3Asmwg00TmruhhsLj2Ed3H,mejoresBso,Get Smart Theme,Irving Szathmary,1965,original,,none,true,,,,,,none,
3xpiTh7x89xFx3McJdIIqY,mejoresBso,Supercalifragilisticexpialidocious - From Walt Disney's ''Mary Poppins'',"Dick Van Dyke, Julie Andrews",1964,original,,none,false,,,,,,none,
5YJUmX5XpOvok85ujv2jTm,mejoresBso,I See the Light - From Disney's ''Tangled'',"Mandy Moore, Zachary Levi",2010,original,,none,true,,,,,,none,
1ucCVtG5dKmgvCnXHAnhR9,mejoresBso,Now We Are Free,"Lisa Gerrard, Klaus Badelt, Hans Zimmer, Gavin Greenaway, The Lyndhurst Orchestra, Bruce Fowler, Yvonne S. Moriarty, Walt Fowler, Ladd McIntosh, Elizabeth Finch",2000,original,2003,low,false,2000,2000,2000,2000,2000,confirmed,it
2uFtOF3aWBZfthQMQjscb7,mejoresBso,Main Title,Max Steiner,,original,1983,high,false,,1940,2013,1959,1983,unconfirmed,mb
0k52DpRHsVq7vl5nA5GLTb,mejoresBso,You Can Leave Your Hat On,Joe Cocker,1986,predates,1986,high,false,1972,1999,1986,1986,1986,confirmed,mb
6LZqaUFNumr2OdJKLRnU5V,mejoresBso,Bad Boys - Original Version,Inner Circle,1987,predates,1986,high,false,1987,2010,2010,1987,1987,confirmed,dg
51RnS1aj5wCNPFbki5iz67,mejoresBso,Top Of The World,Joel McNeely,,original,2000,high,false,,,,2000,2000,confirmed,dg
0yDtlxTxWDQFGor64JwQzg,mejoresBso,The Smurfs,London Music Works,,cover,2013,low,false,,,,,2013,unconfirmed,mb
6Cza1elxtAGP6bwGO4ZveJ,mejoresBso,"Beverly Hills Cop - ""Axel F"" (Music by Harold Faltermeyer)",Charles Fernandez,1984,cover,,none,true,,,,,,none,
2Yy18WPd9Ho4RTJHE64boS,mejoresBso+disneyTop100,Busca Lo Más Vital,"AD Santos, Germán Valdés",1967,dub,,none,true,2002,,,,2002,unconfirmed,it
4up9BelxMmpisooSMpgYqj,mejoresBso,Colores en el Viento,Gema Castaño,1995,dub,,none,true,1995,2015,2002,,1995,unconfirmed,it
4MdnGR2HOMpokKwlSvFJn0,mejoresBso+disneyTop100,"Oh, la Vida de los Piratas",Chorus - Peter Pan,1953,dub,,none,false,2002,2006,2003,,2002,unconfirmed,it
1hgMetaKk5NX8iArLqWPLb,mejoresBso+disneyTop100,Dame Un Silbidito,Pablo Palos,1940,dub,,none,true,,,,,,none,
6JKHBduEoHjQeTfA2luHL5,mejoresBso+disneyTop100,"Ay Ho/ Cavar, Cavar","Jesús Aguirre, Santiago Aguirre, Tony Cruz, Joaquín Díaz, Carlos Garcia, Miguel Ángel Godó, Eduardo Moreno, Julio Núñez, Juan Perucho, Ángel Sáiz",1937,dub,,none,true,2001,,,,2001,unconfirmed,it
15mkRZtkRPdn0hVD4WaKPA,mejoresBso,Las Gotitas,Bambi Chorus,1942,dub,2021,high,false,,2006,2005,,2021,unconfirmed,mb
6obH9X38fnoxNjOCzRELvq,mejoresBso,La valse d'Amélie,Yann Tiersen,2001,original,2001,high,false,2001,2001,2001,2001,2001,confirmed,mb
0j5X6DrzkgY64Mm8NQp5mi,mejoresBso,Lose Yourself - Soundtrack Version,Eminem,2002,original,,none,true,2002,,,,2002,unconfirmed,it
72VjtouKhCbaBol2e7tsaQ,mejoresBso,"Theme From Jurassic Park - From ""Jurassic Park"" Soundtrack",John Williams,1993,original,1993,high,false,1993,2012,1993,1993,1993,confirmed,mb
1pbEJFDtgJwgjhxXzIRQyP,mejoresBso,"Star Wars, Episode IV ""A New Hope"": Cantina Band","John Williams, Skywalker Symphony Orchestra",1977,cover,,none,false,,1990,1990,,1990,unconfirmed,dz
4Oau9TRrgpMwsziAgkvr0c,mejoresBso,Do-Re-Mi,"Julie Andrews, Charmian Carr, Heather Menzies, Nicholas Hammond, Duane Chase, Angela Cartwright, Debbie Turner, Kym Karath",1965,original,1965,high,false,1965,2021,1964,1966,1965,confirmed,it
1hY60LJWE6B9gHV1Oi9kE5,mejoresBso,"The Goonies 'R' Good Enough - From ""The Goonies"" Soundtrack",Cyndi Lauper,1985,original,1983,high,false,1985,1985,1999,1985,1985,confirmed,it
5nZVdhUh4Oz9LMQyneMpD5,mejoresBso,"The Name's Bond... James Bond (From ""Casino Royale"" Soundtrack)",David Arnold,2006,original,2006,high,false,2006,2006,2006,2006,2006,confirmed,mb
5lpecQx3V0jolGdTOPy2Dj,mejoresBso,Main Title,Danny Elfman,2002,original,2002,high,false,2002,2002,2002,1988,2002,confirmed,mb
1kIKCaRH85flXDJUKoxlUJ,disneyTop100,De cero a héroe,"Susan Martín, Helen Quiroga, Paula Bas, Cani González, María Caneda",1997,dub,,none,true,2002,2006,2005,,2002,unconfirmed,it
0zqY0ttERCqwSfgzfMWMNG,disneyTop100,La Bella Y La Bestia,Marta Martorell,1991,dub,1992,high,false,2006,2015,2005,,1992,unconfirmed,mb
0DXpkerT6DPHcApiGO4czX,disneyTop100,Un Genio Genial,Josema Yuste,1992,dub,1992,high,false,1992,2019,2005,,1992,confirmed,it
67KK8lM4bOhXjkCby8UOPx,disneyTop100,¡Sueltalo!,Gisela,2013,dub,2013,high,false,2013,2013,2013,,2013,confirmed,mb
6orRFPOpyksp2Hgh7KDehQ,disneyTop100,Qué hay más allá,María Parrado,2016,dub,2016,high,false,2016,2016,2016,,2016,confirmed,mb
3vrw4MWkszWdFlCmJfpkv2,disneyTop100,Por fin ya veo la luz,"Carmen López, Tony Mateo",2010,dub,2011,low,false,2011,,,,2011,confirmed,it
67Ncj91cpL65IR1ZVQUcz1,disneyTop100,Rio Abajo,Gema Castaño,1995,dub,,none,true,1995,,,,1995,unconfirmed,it
4XyRtKxuR36GAY8BAi1q1q,disneyTop100,Mi Dulce y Linda Flor,"Miguel Morant, Eva Díez, Gonzalo Durán, Chorus, Adel Hakki, Juan Manuel Escamilla",1998,dub,1998,low,false,1998,2015,2005,,1998,confirmed,it
1rvQVSYjgoMfMM1xg0w85t,disneyTop100,"¡Qué Festín! - de ""La Bella y La Bestia""/Banda Sonora Original","Miguel Ángel Jenner, Marta Martorell, Coro - La Bella y La Bestia",1991,dub,,none,false,2006,2015,2005,,2006,unconfirmed,it
6td2JnUiz6cOTn69GfIuNv,disneyTop100,"Pobres Almas En Desgracia - De ""La Sirenita""",Serena Olvido,1989,dub,,none,true,1989,,,,1989,unconfirmed,it
0ponZFZOMfmjBVGMjKXnnS,disneyTop100,Un Mundo Ideal,"Miguel Morant, Angela Aloy",1992,dub,1992,high,false,1992,2019,2004,,1992,confirmed,it
12OKJ3ZsravTrEtU20sbYE,disneyTop100,Hakuna Matata,"Marc Pociello, Oscar Mas, Sergio Zamora, Miguel Ángel Jenner",1994,dub,1994,low,false,2003,,,,1994,unconfirmed,mb
1oruJgef0sRuSeT3ssJq9D,disneyTop100,Mi sueño es,"Enrique Sequeros, Jose Maria Guzman, Carmen López, Tony Mateo",2010,dub,,none,true,2011,,,,2011,unconfirmed,it
4QXQe0QL1CZP632T1cJWif,disneyTop100,Colores en el Viento,Gema Castaño,1995,dub,,none,true,1995,2015,2002,,1995,unconfirmed,it
5xo6EfJOJhQGHIHv2RBIpB,disneyTop100,Hay Un Amigo En Mí,Tony Cruz,1995,dub,1998,high,false,,2010,2006,,1998,unconfirmed,mb
4UevwBtpgyaW3eNqTdwMNM,disneyTop100,Ese Es Mi Destino,Ferran Gonzalez,1997,dub,,none,true,2002,,,,2002,unconfirmed,it
66EnVVwKl74nXLfTkauWES,disneyTop100,El Rey,Miguel Morant,,dub,1992,high,false,1992,2019,2005,,1992,confirmed,it
48Txh5tw1rzcHgEDrUydkf,disneyTop100,Quiero Ser Como Tú,"Flavio, Germán Valdés",1967,dub,,none,false,2002,2006,2005,,2002,unconfirmed,it
7GGY5tkZVLyjIbWFxf4kEC,disneyTop100,Preparaos,Jordi Doncos,1994,dub,1994,high,false,2003,,,,1994,unconfirmed,mb
3ND3Ctdw17jNErzVfyXCC2,disneyTop100,"Volaras, Volaras, Volaras",Chorus - Peter Pan,1953,dub,,none,true,2002,2006,2003,,2002,unconfirmed,it
6ClA4NhBJcPFtyP25gE3sa,disneyTop100,La Bella y la Bestia (Dueto),"Michelle, Serafin Zubiri",1991,dub,1992,low,false,2006,2015,2002,,1992,unconfirmed,mb
4hbibPe4VBUcGlJIPNaACb,disneyTop100,Hazme un Muñeco de Nieve,"Naima Barroso, Emma Amselem, Carmen López",2013,dub,2013,low,false,2013,,,,2013,confirmed,it
2dejFWIMzv48YTSbdVfby7,disneyTop100,Canción de Meg,"Susan Martín, Helen Quiroga, Paula Bas, Cani González, María Caneda, Celia Vergara",1997,dub,,none,false,2002,2006,2005,,2002,unconfirmed,it
3xd8HvEsWzdJUTKIzHCuHV,disneyTop100,Por Donde Tu Vayas,Chorus - Peter Pan,1953,dub,,none,true,,2006,2003,,,none,
32iXhcItFFeqyjGrwv1l1T,disneyTop100,Es La Noche Del Amor,"Anolita Domínguez, Angela Aloy, Oscar Mas, Sergio Zamora, Miguel Ángel Jenner",1994,dub,,none,true,2003,,,,2003,unconfirmed,it
3wwnCL9mlH3BaVEMm9wTiF,disneyTop100,Voy a Hacer Todo un Hombre de Tí,"Pablo Perea, Juan Manuel Escamilla, Miguel Morant, Adel Hakki, José Sánchez Mota, María Caneda, Chorus - Mulan",1998,dub,1998,low,false,1998,2015,2005,,1998,confirmed,it
6aoPsuCxoBKOFuoW4Vv1Zl,disneyTop100,"Bella - de ""La Bella y La Bestia""/Banda Sonora Original","Inés Moraleda, Xavier Ribera, Oscar Mas, Coro - La Bella y La Bestia",1991,dub,,none,true,2006,2015,2006,,2006,confirmed,it
6zS68AAufj9EwmMv8iJPhu,disneyTop100,Por Primera Vez en Años,"Carmen López, Gisela",2013,dub,2013,low,false,2013,,,,2013,confirmed,it
5Xw4HulgAYsJaB9VXOMVLH,disneyTop100,Canción del encantamiento,Carmen López,2010,dub,2011,high,false,2011,,,,2011,confirmed,it
3kDY7oxptz0Qzn0GAsn3If,disneyTop100,Parte De Tu Mundo,María Caneda,1989,dub,2019,low,false,2002,2010,2005,,2019,unconfirmed,mb
7e3mCGbRFSsYmnGuQf9rMk,disneyTop100,Sueña,Luis Miguel,1996,original,1996,high,false,1996,1996,1996,1996,1996,confirmed,mb
5aifYPg8KP20yHh7cQuzU1,disneyTop100,"Algo Nuevo - de ""La Bella y La Bestia""/Banda Sonora Original","Inés Moraleda, Jordi Brau, Miguel Ángel Jenner, Marta Martorell, Antonio Gómez De Vicente, Coro - La Bella y La Bestia",1991,dub,,none,false,2006,2015,2005,,2006,unconfirmed,it
3nr7KB3jC0LOeYyp8mirdd,disneyTop100,Mucho más allá,"Gisela, AURORA",2019,dub,,none,false,2019,2019,2019,,2019,confirmed,it
3njNJwJQTsbgSArKV1ArTg,disneyTop100,Bésala,"Chorus - The Little Mermaid, Vincente Borland",1989,dub,,none,false,2002,,,,2002,unconfirmed,it
6xuH8iDTK0Rihzd9yeTiTB,disneyTop100,Si No Te Conociera (Creditos Finales),"Jon Secada, Shanice",1995,original,,none,true,1995,2022,2005,,1995,unconfirmed,it
4DpLSUhMesjqqsSZajRwWZ,disneyTop100,"Por Que Decimos ""Au""",Chorus - Peter Pan,1953,dub,,none,true,2002,2006,2003,,2002,unconfirmed,it
5tLyWXxkYlNiOlOQVViBcK,disneyTop100,Mi Última Esperanza,Jordi Vila,1997,dub,,none,false,2002,,,,2002,unconfirmed,it
4r2IPR6tLBgF1dl2FqcPfF,disneyTop100,Overture - (The Nightmare Before Christmas),Danny Elfman,1993,original,,none,true,1993,2006,2004,,1993,unconfirmed,it
4JloN5dBiVokxofXYFcmGR,disneyTop100,Main Titles - The Little Mermaid,"Alan Menken, Disney",1989,original,,none,true,1989,2014,2003,,1989,unconfirmed,it
5apuY6qS83OOnzY8jTKz4C,disneyTop100,Reflejo,Analy,1998,original,,none,false,1998,2022,2002,,1998,unconfirmed,it
3ywp7bIGXsJwd6j6VKR6f3,disneyTop100,No Importa La Distancia,Ricky Martin,1997,original,1997,high,false,1997,,,1997,1997,confirmed,it
0QwDBxvqti0WmgUbSGHZwd,disneyTop100,En Mi Corazón Estarás,"Merche Macaria, Phil Collins",1999,dub,,none,true,1999,2015,2005,,1999,unconfirmed,it
73DFtx4vDEWEfs9G3S7YfJ,disneyTop100,En Verano,Miguel Antelo,2013,dub,2013,high,false,2013,2013,2013,,2013,confirmed,mb
4etijkcW7as2wOruR4FlCT,disneyTop100,Marcha De Los Elefantes,"Salvador Carrasco, Chorus - The Jungle Book (Spain)",1967,dub,,none,true,2002,,,,2002,unconfirmed,it
5BK1TjAi2RlDtLSGcnoWN0,disneyTop100,La Estrella Azul,Pablo Palos,1940,dub,,none,true,,,,,,none,
7iXEaDZdHecQHNmk0NWVmc,disneyTop100,Tan Cierto Como Tú I,"Susan Martín, Helen Quiroga, Paula Bas, Cani González, María Caneda",1997,dub,,none,true,2002,2006,2005,,2002,unconfirmed,it
4tTF5fTp3Ftum89bQ3VwEV,disneyTop100,La Puerta Hacia el Amor,"Carmen López, Tony Menguiano",2013,dub,,none,false,2013,,,,2013,unconfirmed,it
5QaK5nFKx8eQwdUrvQkonD,disneyTop100,"Bajo El Mar ""La Sirenita""",Pequeñas Grandes Voces de Música Infantil,1989,cover,,none,true,,2006,2009,,,none,
3BNU3lkWSJwrUUjyubgDGd,disneyTop100,Los Aristogatos,The Harmony Group,1970,cover,,none,true,,,,2009,2009,unconfirmed,dg
2pfjeexrlZCpjCkDHTGggv,disneyTop100,Cuando Me Quería,María Caneda,1999,dub,,none,false,2010,,,,2010,unconfirmed,it
3K51oii1LLIcXHZbItVbja,disneyTop100,Mor'du,"Juan Luis Rovira, Chorus - Brave",2012,dub,2012,high,false,2012,,,,2012,confirmed,it
4P1xg8z2UXrMDgqoGsEIRL,disneyTop100,Sueño Un Beso,"Pablo Perea, Gisela, Héctor Cantolla",,dub,,none,true,2010,2010,2007,,2010,confirmed,it
4SUVu33jEEvZAZyTCQy0bA,disneyTop100,Tan Cierto Como Tú II,"Susan Martín, Helen Quiroga, Paula Bas, Cani González, María Caneda",1997,dub,,none,true,2002,,,,2002,unconfirmed,it
43xwHOSjyISf53dA0ujdSb,disneyTop100,Muéstrate,"Gisela, Isabel Valls",2019,dub,2019,low,false,2019,2019,2019,,2019,confirmed,mb
7BrqsrrpsGzUvIt6kZeapj,disneyTop100,"Gastón - de ""La Bella y La Bestia""/Banda Sonora Original","Oscar Mas, Xavier Ribera, Coro - La Bella y La Bestia",1991,dub,,none,false,2006,2015,2005,,2006,unconfirmed,it
5551XGdKhyKpBlTqSsR1TV,disneyTop100,"The Bells Of Notre Dame (Reprise) - From ""The Hunchback Of Notre Dame""/Soundtrack","Paul Kandel, Chorus - The Hunchback Of Notre Dame",1996,original,1996,high,false,1996,2006,2003,,1996,confirmed,it
6BlfVJ5iMVVTzOsX6fa0gc,disneyTop100,Overture - Mary Poppins,"Richard M. Sherman, Robert B. Sherman",1964,original,,none,true,1964,2007,2004,,1964,unconfirmed,it
2HM3se70LdMIwiY2tunh2X,disneyTop100,Prólogo,"Isabel Nogueras, Celia Vergara",,dub,2011,low,false,,,,,2011,unconfirmed,mb
4bl5ui7Z4tsLWTE8Yg3GDv,disneyTop100,"Asalto al castillo - de ""La Bella y La Bestia""/Banda Sonora Original","Xavier Ribera, Coro - La Bella y La Bestia",1991,dub,,none,true,2006,2015,2006,,2006,confirmed,it
2w0eTKgpcDNqIRq9QiVcGT,disneyTop100,Hay que mejorarle un poco,Cast - Frozen,2013,dub,,none,true,,2013,2013,,2013,unconfirmed,dz
45cku3eLTd5hObrNM8q8PA,disneyTop100,He Mele No Lilo,"Mark Keali'i Ho'omalu, Kamehameha Schools Children's Chorus",2002,original,,none,false,2002,2006,2002,,2002,confirmed,it
4CyuG10TFIKh9jUe10XrWq,disneyTop100,Life In The Arcade,Henry Jackman,2012,original,2012,high,false,2012,2012,2012,2012,2012,confirmed,mb
30xX7SvtgUss2CGJgA0PLX,disneyTop100,You've Got a Friend in Me (para el Buzz Español),"Gipsy Kings, Tonino Baliardo, Nicolas Reyes",2010,original,2010,high,false,2010,,,,2010,confirmed,it
3HLo3xvKkAdIhPjHpi9kb5,disneyTop100,Un nuevo hogar,"Tony Menguiano, Opetaia Foa'i",2016,dub,,none,true,2016,2026,2016,,2016,confirmed,it
0wTF9DTOZ1UpElEiCKuJjS,disneyTop100,La respuesta encontrarás,Isabel Valls,2019,dub,2019,high,false,2019,2019,2019,,2019,confirmed,mb
6HfxmLsC8fCIp0upa31ZH8,disneyTop100,Recuérdame (Reencuentro),"Luis Ángel Gómez Jaramillo, Rocío Garcel",2017,dub,2017,high,false,2017,,,,2017,confirmed,it
33oVWYegPgHz4xes1bYUpk,disneyTop100,Esperándola sin más,Ignasi Vidal,2017,dub,,none,true,2017,,,,2017,unconfirmed,it
1RjKWmDT6mSSspsFD7iTHC,disneyTop100,Barboros (Parte 1),"Juan Cánovas, Santiago Aguirre, Chorus - Pocahontas",1995,dub,,none,true,,,,,,none,
7cqNPxjoHfX5s9pBDPCBXA,disneyTop100,"Elefantes Color De Rosa - De ""Dumbo""",Disney Studio Chorus,1941,dub,,none,false,,,,,,none,
0BI3sQGs8aTHrAkRsfSLDS,disneyTop100,Tan Cierto Como Tú III,"Susan Martín, Helen Quiroga, Paula Bas, Cani González, María Caneda",1997,dub,,none,true,2002,,,,2002,unconfirmed,it
4vpQ7gWlbg6RO3GwP68zZU,disneyTop100,Días de sol,"Adrian Sanz, Toni Menguiano, Dani Garcia, Elena Cabrero, Daniel Reus, María Caneda, Bely Basarte, Laura Enrech",,dub,,none,true,2017,,,,2017,unconfirmed,it
4Ji5nMNjyZSHlrI8g51Th5,disneyTop100,"Cruela De Vil - De ""101 Dalmatas""",Cast - 101 Dalmatians,1961,dub,,none,false,2010,,,,2010,unconfirmed,it
3dLUZq4kLM6tT6tJTH6NTd,disneyTop100,Cenicienta,Chorus,1950,dub,,none,true,,2010,2010,,2010,unconfirmed,dz
2z8ePHmlUhDaxyQCW76ycN,disneyTop100,Oración De Esmerelda,"Sol Pilas, Coros - El Jorobado De Norte Dame",1996,dub,,none,true,2010,,,,2010,unconfirmed,it
4d2xzqxnNCEetIzMwRqhMK,disneyTop100,La Bella y La Bestia,Bely Basarte,2017,original,,none,true,2017,2017,2017,,2017,confirmed,it
1DixCp1AEX0QqHL5UxSiex,disneyTop100,Hijo del corazón,Najwa,,original,,none,true,2019,2019,2019,,2019,confirmed,it
4EyK6nPHZeeXflgkkdfbzt,disneyTop100,Honra Nos Darás,"Paula Bas, Celia Vergara, Marta Martorell, María Caneda, Chorus - Mulan",1998,dub,,none,true,1998,2015,2005,,1998,unconfirmed,it
4e8jQaOYIl7yaaWFTl6lGm,disneyTop100,Tengo amigos del más allá,"Javier Gurruchaga, Coros - Tiana y el Sapo",2009,dub,2010,high,false,2010,2015,2009,,2010,confirmed,it
4FylQ7fW7C05exPENEPMdC,disneyTop100,Aquella Estrella de Alla,Gisela,,dub,2002,high,false,2002,2022,2002,2002,2002,confirmed,mb
1EklDiRTYbeaIwnszQLGzI,disneyTop100,Un mundo ideal,"David García Llop, Nikki García",2019,dub,2019,high,false,2019,2019,2019,,2019,confirmed,mb
5YefO4SyqEPnV16R5ihYDK,disneyTop100,Cuando madure,Miguel Antelo,2019,dub,2019,high,false,2019,2019,2019,,2019,confirmed,mb
7MGhIpwZHdOgonZ69b5KEQ,disneyTop100,Sigo aquí (Treasure Planet) (Tema principal de la B.S.O. El planeta del tesoro),Alex Ubago,2002,original,,none,false,2007,2007,2003,,2007,confirmed,it
0U6g7RgQZiF44YCRPryXgd,disneyTop100,Todos Quieren Ser Un Gato Jazz,"Esteman, Caloncho, Mon Laferte",,cover,2016,low,false,2016,2016,2015,2016,2016,confirmed,mb
3F32sDOVMpyVWOvIoYv1IM,disneyTop100,"Bajo el mar - de ""La Sirenita""/Banda Sonora Original","Vincente Borland, Coro - La Sirenita",1989,dub,,none,true,2002,2015,2003,,2002,unconfirmed,it
2xV02auqwT3i4Rofp4R72P,disneyTop100,Si a Arabia tú vas,José Ramón Nogueras,1992,dub,1992,high,false,1992,2019,2005,,1992,confirmed,it
34glHb8Opu8J4howHt5PSd,disneyTop100,Final,Chorus - Sleeping Beauty,1959,dub,,none,true,,,,,,none,
3VnPDHAMNI5aVoI69Prdp2,disneyTop100,Bésala,"Chorus - The Little Mermaid, Vincente Borland",1989,dub,,none,true,2002,,,,2002,unconfirmed,it
1b5mBzHtrFAUcNnfXYXLNo,disneyTop100,"Transformation - From ""Beauty and the Beast""/Soundtrack Version","Alan Menken, Disney",1991,original,1991,high,false,1991,2014,2004,1991,1991,confirmed,it
61SYCUCXryNffe8CHni4d9,disneyTop100,Lo que no cambiará,"Carmen López, Gisela, Miguel Antelo, Erik Cruz, Reparto - Frozen 2",2019,dub,,none,false,2019,2019,2019,,2019,confirmed,it
7LUWD5jG3ZxCVZHL49KrYM,disneyTop100,Prólogo (La Bella y La Bestia),Camilo García,,dub,,none,true,2006,2015,2006,,2006,confirmed,it
2AuReo9rFlYVBXaIbYvLnj,disneyTop100,Hijo de Hombre ( Pelicula Tarzan),Chiqui Chiquititos,1999,cover,,none,false,2007,,,,2007,unconfirmed,it
6RUDPeh64ONeJ69YGt0txT,disneyTop100,Príncipe Ali,Josema Yuste,1992,dub,1992,high,false,1992,2019,2004,,1992,confirmed,it
6zrgiJFGA620b5GvqCvG1w,disneyTop100,Whistle Stop,Roger Miller,1973,original,1973,high,false,2013,2019,2009,1973,1973,confirmed,dg
78NFMpUthcpcL9n5ARAnm8,disneyTop100,La Cabecita De Madera,"Leigh Harline, Ned Washington",1940,original,,none,false,,,,,,none,
5n68ulplVF9jN6X4sfISjb,openingsCatala,Bola De Drac Z,SX3,,,,none,true,1992,,,,1992,unconfirmed,it
45bxA5xJPQ06JiI2bP02dG,openingsCatala,"Llum, Foc, Destrucció",SX3,,,,none,false,1992,1992,2015,,1992,confirmed,it
5DCXUga5ZgLuhcxYkrbDZU,openingsCatala,Vull Viure D'Aventures,SX3,,,,none,true,1992,1992,2015,,1992,confirmed,it
4Y31ok4MVczfg5ra2EUYsf,openingsCatala,Deu-Txa,SX3,,,,none,true,1992,,,,1992,unconfirmed,it
3YVJI2kDPgxJ5wk6ky7R1A,openingsCatala,Estic Protegit Per Les Estrelles,SX3,,,,none,true,1992,1992,2015,,1992,confirmed,it
2jwl21gaEAa5C2Dk4r1sfr,openingsCatala,Lamu,SX3,,,,none,false,1994,,,,1994,unconfirmed,it
1iq4Lgh2saSg8luir0jjXR,openingsCatala,Bola de Drac,SX3,,,,none,true,1992,1992,2015,,1992,confirmed,it
4zzBPEkRtH9kkfEwtYd4uV,openingsCatala,Arale,SX3,,,,none,true,1992,1992,2015,,1992,confirmed,it
3Y5LaNGiYeqt7tILBf9dw1,openingsCatala,L'Inspector Gadget,SX3,,,,none,true,1992,,,,1992,unconfirmed,it
7KfVMoq3VPD01gYP3Kbsrj,openingsCatala,Fly,SX3,,,,none,false,1994,2002,2015,,1994,unconfirmed,it
4l0CIKvfTz3YYbgzaR5T2j,openingsCatala,Hattori el Ninja,SX3,,,,none,true,1994,1994,2015,,1994,confirmed,it
3lajBgFAdSRLCeBpW7zZGI,openingsCatala,Uh! Oh! No Tinc Por!,"SX3, Lila",,,,none,true,2011,2011,2015,,2011,confirmed,it
3EFMesma5oHCKGqs8OIxoi,openingsCatala,"Per a vosaltres, Sr. Pla","SX3, Sr. Pla",,,,none,false,2007,2016,2015,,2007,unconfirmed,it
5RFqptSic24N9TrWnv5Caz,openingsCatala,Sempre Trepitjant,SX3,,,,none,true,2008,2008,2015,,2008,confirmed,it
1SI5eHi4GxAv08kapsvcGN,openingsCatala,Sakura (Catch You Catch Me),SX3,,,,none,true,2002,2002,2015,,2002,confirmed,it
539wFKWRu9g9FY8864grXv,openingsCatala,Yu Yu Hakusho (Hohoemi No Badukan),SX3,,,,none,false,2002,2002,2015,,2002,confirmed,it
6JoF9OG1QLPrLSpPwsZ4Jn,openingsCatala,Fushigi Yugi (Ito Oshii No Tanemi),SX3,,,,none,true,2002,2002,2015,,2002,confirmed,it
31o69pxrP9NcvKrCRuoHkZ,openingsCatala,New DR. Slump,SX3,,,,none,true,2002,2002,2015,,2002,confirmed,it
2FT8GFlFsi8Mqz7Ugyp0i5,openingsCatala,Posa'm Un Suc,Macedònia,,,2004,high,false,2004,2008,2008,2004,2004,confirmed,it
3YmKnOyETPc8koPFhhhUkj,openingsCatala,Superfashion,Macedònia,,,,none,true,2008,2008,2007,2003,2008,confirmed,it
2VJYq9XQNgjhpahLAOnHDo,openingsCatala,Megasideral,Macedònia,,,,none,true,2008,2008,2007,2006,2008,confirmed,it
2naArVkNHfooxngF6cxocN,openingsCatala,10+2,SX3,,,,none,true,,,,,,none,
4crXxvCooPuFAJNtkbIDLP,openingsCatala,Bola de Drac GT (Doragonbooru Jiit II),SX3,,,,none,true,2002,2002,2015,,2002,confirmed,it
0oJfITJckRNrYBG0w26VkN,openingsCatala,Les Fabuloses Tortugues Ninja,SX3,,,,none,true,1992,1992,2015,,1992,confirmed,it
6LKBznvINr4mgMzxzZE9M0,openingsCatala,Sylvan,SX3,,,,none,true,2001,2016,2015,,2001,unconfirmed,it
2sU1Hud61BjMv9HUznxq6J,openingsCatala,Ranma 1/2,SX3,,,,none,false,2002,2002,2015,,2002,confirmed,it
72ddS1LACZR3aGpZ0wI0jo,openingsCatala,Mazinger Z (Majingaa Zetto),SX3,,,,none,true,2002,2002,2015,,2002,confirmed,it
7JX9kMnP6WHQSNwkKLsPG9,openingsCatala,Cowboy Bebop (Tank),SX3,,,,none,true,2002,2002,2015,,2002,confirmed,it
7lvmyfs20BihX8SBKOV6op,openingsCatala,Sailor Moon,SX3,,,,none,true,2001,2001,2015,,2001,confirmed,it
6UgBwYRfkuwn55GIPa75Wg,openingsCatala,Azuki,SX3,,,,none,true,2001,,,,2001,unconfirmed,it
2PGa4EqzuBRzooBDh76Avz,openingsCatala,Els Barrufets,Poti Poti,,,,none,true,2000,2008,1998,,2000,unconfirmed,it
1TJOaChKJQRwcTHZgGlV44,openingsCatala,Sakura,SX3,,,,none,true,2001,,,,2001,unconfirmed,it
5Ithzwf0peu4zy50WYYZgQ,openingsCatala,Garfield,"SX3, Manolita Domínguez, Jordi Vila",,,,none,true,2001,2001,2015,,2001,confirmed,it
5xMWYIA7LeqsS7w81Z82fJ,openingsCatala,La Bruixa Avorrida,SX3,,,,none,false,1997,2001,2015,,1997,unconfirmed,it
5F6oWBb1jUgJLLXtqaZqyN,openingsCatala,Les Bessones a St. Claire's,SX3,,,,none,true,2001,2001,2015,,2001,confirmed,it
7FawGz4GRofFTiBLlLyxqS,openingsCatala,Soc el Rovelló,SX3,,,,none,true,2001,2001,2009,,2001,confirmed,it
61h792MITkRTkkTwH3KtzE,openingsCatala,Sóc Així,"SX3, Lila",,,,none,true,,2016,2016,,2016,unconfirmed,dz
3GShHL1XgPio2EkEEz6eTc,openingsCatala,Musculman,SX3,,,,none,true,1994,2002,2015,,1994,unconfirmed,it
4IsxakxIoeq4VHbC1Bniek,openingsCatala,Lucky Luke,SX3,,,,none,true,1994,1994,2015,,1994,confirmed,it
2DyNaajKCcLJgbEDE21Q1y,openingsCatala,Shin Chan (Ora Wa Ninkimono),SX3,,,,none,true,2002,2002,2015,,2002,confirmed,it
4mk10HM89OFuir4URs9dOa,openingsCatala,DR. Slump (Wai Wai World),SX3,,,,none,true,2002,2002,2015,,2002,confirmed,it
2OMD5oYFbX4btxwmtnXoGQ,openingsCatala,Super Fashion,Macedònia,,,2003,high,false,2003,2008,2008,2003,2003,confirmed,it
5gtwBFz91hNzSpSSiSmTvA,openingsCatala,Boig Per Tu,Sau,,,1990,high,false,1990,1990,2006,1990,1990,confirmed,mb
5wrTNqNtYqGYESXx9VLxcL,openingsCatala,Bola De Drac (Makafushigi Adventure),SX3,,,,none,true,2002,2002,2015,,2002,confirmed,it
2veFmhamFJGHhcTcVDknXc,openingsCatala,Bola de Drac Z (Cha La Head Chala),SX3,,,,none,true,2002,2002,2015,,2002,confirmed,it
7skOqXrRQfbR6fp4foc0QP,openingsCatala,Les Tres Bessones,SX3,,,,none,true,1997,1997,2015,,1997,confirmed,it
6m5N3X4xMbTOC2rh9aTuNY,openingsCatala,Dr. Slump,Xispes,,,,none,false,2006,,,,2006,unconfirmed,it
